id_janela,acel_x_g,acel_y_g,acel_z_g,magnitude_media_g,magnitude_desvio_g,giro_x_dps,giro_y_dps,giro_z_dps,giro_rms_dps,jerk_max_g_s,postura
1,0.1265,1.2715,0.102,1.2819,0.1752,-26.27,-15.44,-7.07,37.51,6.149,caminhando
2,0.3602,0.8203,0.0309,0.8964,0.0526,0,-0.01,0.01,0.01,0.18,sentado
3,-0.0643,0.9031,0.0939,0.9102,0.0276,2.43,-1.53,0.52,2.84,0.355,em_pe
4,0.2927,0.9451,0.0808,0.9927,0.0258,-0.45,-1.15,-1,2.1,0.496,sentado
5,0.3638,0.9558,0.1399,1.0322,0.0134,0.26,-2.67,1.12,2.69,0.725,sentado
6,-0.0563,0.0561,0.9975,1.0007,0.0173,0.17,-0.24,-0.01,0.41,0.344,deitado
7,-0.0028,1.26,-0.0228,1.2602,0.3823,30.68,4.34,-15.35,25.78,7.584,caminhando
8,0.1329,0.0081,0.948,0.9573,0.0333,0.16,-1.34,1.31,2.81,0.737,deitado
9,0.1241,1.4417,0.1462,1.4544,0.2791,-82.06,-39.8,-29.3,53.93,8.747,caminhando
10,0.205,0.9225,0.0337,0.9457,0.0221,-0.82,-2.93,0.94,3.18,0.086,sentado
11,0.541,0.4976,0.5532,0.9199,0.8757,-163.42,-11.38,59.04,224.91,32.31,queda
12,0.2722,1.0238,0.1694,1.0728,0.0398,-1.31,2.21,0.31,2.5,0.503,sentado
13,0.4768,0.9482,0.1568,1.0728,0.029,3.39,0.71,-2.79,3.49,0.412,sentado
14,0.064,0.0973,0.896,0.9036,0.0288,-1.73,0.23,0.53,2.42,0.457,deitado
15,0.075,0.007,0.9771,0.98,0.0008,-0.59,0.02,-0.17,1.83,0.575,deitado
16,0.2018,0.9848,0.0792,1.0084,0.0068,0.16,0.92,-0.86,1.98,0.651,sentado
17,0.0465,0.1265,0.9193,0.9292,0.0382,0.04,-0.07,-0.1,0.18,0.059,deitado
18,-0.051,0.9572,0.093,0.963,0.0318,0.71,0.95,-0.19,1.79,0.453,em_pe
19,0.3381,0.8818,-0.0553,0.946,0.0321,-0.31,0.32,1.44,1.81,0.71,sentado
20,0.0581,0.8817,0.1529,0.8968,0.2997,-31.91,47.03,10.25,49.48,5.134,caminhando
21,0.089,1.0114,-0.0501,1.0166,0.0328,-0.16,-0.04,-0.14,0.21,0.454,em_pe
22,0.0819,0.1226,0.9808,0.9918,0.0056,-1.66,-2.58,1.83,2.53,0.184,deitado
23,-0.0357,0.9899,0.0063,0.9906,0.0224,1.04,-3.03,1.17,2.66,1.078,em_pe
24,0.0242,0.6341,0.2866,0.6963,0.2396,29.35,1.29,10.78,27.77,5.582,caminhando
25,0.1164,0.0324,1.0177,1.0248,0.023,-2.83,2.73,-1.82,2.65,0.117,deitado
26,-0.0255,1.0951,0.571,1.2353,0.2656,-30.06,-36.67,36.72,33.36,6.849,caminhando
27,0.2939,0.9021,-0.0305,0.9492,0.0394,1.13,-2.71,-0.92,3.24,0.325,sentado
28,0.0066,0.6807,0.2614,0.7292,0.2747,15.06,3.16,-46.79,48.91,7.56,caminhando
29,-0.0269,0.9871,-0.0717,0.9901,0.026,0.44,-1.06,2.19,3.34,0.271,em_pe
30,-0.0281,0.985,0.0165,0.9855,0.0188,-0.9,0.95,-0.04,2.36,0.441,em_pe
31,0.7064,0.4722,0.7004,1.1011,0.5689,-27.81,-20.85,3.55,169.25,20.445,queda
32,-0.0262,0.1153,0.8754,0.8833,0.0215,-1.34,-2.54,-1.74,3.17,0.243,deitado
33,0.2719,0.9552,0.1068,0.9989,0.0301,-0.48,-1.69,0.91,3.19,0.47,sentado
34,0.3549,0.904,0.0589,0.9729,0.0272,0.91,-0.04,0.79,3.54,0.573,sentado
35,0.0774,-0.0242,0.8916,0.8953,0.023,-0.23,0.06,0.17,1.16,0.43,deitado
36,0.3342,0.5532,0.1658,0.6672,0.9009,-96.81,-132.46,-29.53,140.21,26.383,queda
37,0.2808,0.8922,0.0308,0.9359,0.0143,-0.99,0.69,0.11,1.46,0.622,sentado
38,-0.0439,0.0007,1.0067,1.0076,0.0363,-0.05,0.11,0.12,0.32,0.308,deitado
39,-0.067,1.0698,0.026,1.0722,0.0192,0.66,-5.72,-0.37,3,0.487,em_pe
40,0.2292,0.8896,0.0991,0.924,0.0272,2.6,1.64,-1.63,2.39,0.206,sentado
41,0.018,0.7717,0.2438,0.8095,0.2065,7.21,3.16,-78.16,66.33,2.797,caminhando
42,0.0744,0.0408,0.9768,0.9804,0.0069,-0.41,-0.48,1.64,3.75,0.411,deitado
43,0.158,0.0336,0.964,0.9774,0.017,2.36,0.61,0.7,1.62,0.126,deitado
44,0.0865,1.3299,0.2708,1.3599,0.2566,1.83,55.39,37.71,53.81,6.779,caminhando
45,0.3132,0.9069,-0.0125,0.9596,0.0503,-0.72,-0.47,-0.36,1.42,0.307,sentado
46,-0.0363,0.7681,0.3131,0.8303,0.1313,-66.68,-16.74,-2.36,71.01,6.014,caminhando
47,0.0927,1.1776,-0.1467,1.1903,0.2422,11.73,24.34,11.61,34.51,3.915,caminhando
48,0.0294,-0.0407,1.0366,1.0378,0.0114,-0.42,-1.02,-0.07,1.11,0.248,deitado
49,0.3374,0.8415,0.016,0.9067,0.0333,-0.56,-1.21,1.05,2.97,0.437,sentado
50,0.0578,0.9584,0.0891,0.9642,0.0205,0.11,1.97,-3.87,3.21,0.635,em_pe
51,0.0327,0.0541,0.9934,0.9954,0.0259,0.43,0.61,1.01,1.31,0.204,deitado
52,0.2645,0.8917,0.0653,0.9324,0.0446,-1.24,-0.16,3.09,1.72,0.637,sentado
53,0.1195,0.0555,0.984,0.9928,0.0293,0.73,1.69,-1.28,2.54,0.234,deitado
54,-0.0254,0.9797,-0.0846,0.9837,0.0276,2.08,-0.64,0.14,3.25,0.883,em_pe
55,0.1489,0.9999,0.0794,1.014,0.0442,-5.57,-0.33,-0.94,5.66,0.518,em_pe
56,0.0959,0.6933,0.0114,0.7,0.2227,-24.29,24.61,29.23,46.19,6.735,caminhando
57,0.115,0.1352,1.0116,1.0271,0.0163,0.56,0.8,-0.05,1.34,0.233,deitado
58,0.1752,1.3537,-0.3041,1.3985,0.2223,25.62,-21.78,-4.03,43.32,4.518,caminhando
59,-0.0056,1.0413,-0.0049,1.0413,0.0353,-2.44,0.03,-2.28,3.16,0.745,em_pe
60,0.4057,1.0116,0.1343,1.0981,0.303,57.66,143.62,17.22,184.52,16.724,queda
61,0.8319,-0.0515,0.4838,0.9637,0.7133,-143.94,-3,3.07,151.31,54.125,queda
62,0.0292,0.0942,0.9665,0.9715,0.0178,-0.48,-0.71,-0.32,1.17,0.254,deitado
63,-0.0069,0.9386,0.0047,0.9386,0.044,4.79,2.24,-0.21,4.43,0.982,em_pe
64,0.0477,0.9733,0.125,0.9824,0.0275,0.85,-0.1,-1.41,2.66,0.563,em_pe
65,0.1313,0.1592,0.9487,0.9709,0.0314,-0.43,-0.41,-1.37,2.22,0.201,deitado
66,0.2191,0.984,0.4541,1.1056,0.1754,-45.85,5.8,16.15,47.53,7.299,caminhando
67,0.0267,0.7912,0.274,0.8377,0.1799,-10.85,35.37,-35.61,43.97,7.148,caminhando
68,-0.0497,0.9596,0.025,0.9613,0.0372,0.69,-0.1,-1.05,1.49,0.408,em_pe
69,0.0779,0.9753,0.0608,0.9803,0.0281,-3.77,1.94,-0.95,3.47,0.358,em_pe
70,0.3377,0.8916,0.0532,0.9549,0.0136,-0.61,-0.13,1.38,4.1,0.611,sentado
71,0.142,1.1041,0.1154,1.1191,0.1975,6.96,-20.03,27.92,49.07,7.764,caminhando
72,0.0401,0.0566,1.0062,1.0086,0.0116,2,0.12,2.4,2.46,0.319,deitado
73,-0.0015,0.9753,0.0536,0.9768,0.0267,0.72,1.33,3.31,4.88,1.054,em_pe
74,0.125,0.9714,0.0493,0.9806,0.0374,-0.8,1.74,1.71,6.63,0.318,em_pe
75,0.8543,0.4852,0.123,0.9902,0.096,-45.95,-27.28,23.58,63.49,10.646,queda
76,0.0595,0.0872,0.9846,0.9903,0.0398,-1.44,1.07,-1.28,1.25,0.184,deitado
77,0.0535,-0.0129,0.9737,0.9753,0.0028,1.82,-0.88,1.89,2.82,0.084,deitado
78,0.2836,0.8847,0.0015,0.9291,0.0294,-0.17,0.42,-1.05,3.97,0.334,sentado
79,0.0978,1.0284,-0.0424,1.0339,0.0254,-0.01,-0.28,-4.06,4.53,0.455,em_pe
80,-0.1659,0.9824,0.2161,1.0195,0.2487,-7.88,-29.6,26.56,37.63,2.866,caminhando
81,0.1108,1.0046,0.0259,1.011,0.0123,2.27,-2.33,0.32,4.51,0.767,em_pe
82,-0.108,0.9713,-0.012,0.9774,0.0112,1.26,-1.33,0.61,2.53,0.729,em_pe
83,0.106,0.2233,-0.8526,0.8877,0.3033,25.02,-25.57,-7.11,46.41,5.774,queda
84,0.3277,0.906,-0.0401,0.9643,0.0334,0.94,2.8,-1.11,4,0.458,sentado
85,0.4187,0.8329,0.1002,0.9376,0.023,-0.68,0.82,10.23,6.04,0.492,sentado
86,0.2991,0.8122,0.0229,0.8658,0.0197,0.47,-0.66,1.07,3.05,0.561,sentado
87,0.279,0.9033,0.0537,0.947,0.0319,-0.57,2.22,-1.72,2.72,0.039,sentado
88,-0.1378,1.0455,0.5111,1.1719,0.24,-22.98,14.89,46.32,52.34,6.522,caminhando
89,0.2159,0.9858,0.0541,1.0107,0.0146,2.28,0.23,-6.22,3.69,0.312,sentado
90,0.1881,0.9457,-0.0487,0.9654,0.0301,-0.42,1.57,1.54,1.6,0.331,sentado
91,0.0051,1.0728,0.0558,1.0743,0.0256,-1.65,-1.15,2.3,3.65,0.859,em_pe
92,0.084,1.0032,0.0426,1.0076,0.0337,0.12,0,0.05,0.38,0.717,em_pe
93,0.0855,0.9959,0.0352,1.0002,0.017,3.39,-1.36,-1.29,2.86,0.75,em_pe
94,0.1076,1.0125,0.0304,1.0187,0.0328,-0.67,-2.27,-4.71,4.11,0.213,em_pe
95,0.0689,0.0189,1.0933,1.0956,0.0147,0.87,-0.81,0.55,2.88,0.221,deitado
96,0.3346,0.9287,0.0445,0.9881,0.0251,-0.66,-1.93,0.79,2.25,0.532,sentado
97,0.1881,0.8898,0.1047,0.9155,0.0405,-2.79,-0.18,1.4,4.5,0.445,sentado
98,0.0666,0.0088,1.053,1.0552,0.0166,-0.28,2.91,0.09,2.67,0.24,deitado
99,0.1106,0.8586,0.0431,0.8667,0.0237,-2.45,-1.51,-1.77,3.37,0.416,sentado
100,0.0924,1.1251,-0.0231,1.1291,0.2977,45.55,10.35,36.43,59.63,6.475,caminhando
101,-0.048,0.0418,0.9983,1.0003,0.0401,-1.48,1.14,0.98,2.77,0.544,deitado
102,0.5887,0.2616,1.0148,1.202,0.3634,-6.15,70.07,-55.88,83.84,16.318,queda
103,0.2559,0.9036,0.1121,0.9458,0.0092,-2.25,-1.21,4.18,4.26,0.557,sentado
104,-0.012,0.3,1.3075,1.3415,0.2679,-72.21,7.75,-50.48,80.35,9.419,queda
105,0.6879,0.5152,0.7926,1.1691,0.7546,-10.87,170.5,-40.67,153.4,23.607,queda
106,0.1663,0.0837,1.6497,1.6602,0.1855,27.87,-33.91,-15.04,39.47,12.088,queda
107,-0.0067,0.7464,0.0633,0.7492,0.1825,-12.61,-20.2,-18.03,58.66,3.638,caminhando
108,0.0872,0.017,0.9574,0.9615,0.0351,1.12,3.73,0.23,2.51,0.492,deitado
109,0.0528,0.0669,1.0239,1.0274,0.0241,0.04,0.75,-0.06,1.09,0.201,deitado
110,0.3755,0.8836,0.1136,0.9668,0.0209,0.65,-0.66,0.24,2.15,0.563,sentado
111,0.1921,0.4619,-0.1066,0.5114,1.0516,-71.65,-134.22,96.38,216.47,22.945,queda
112,0.0662,0.1118,1.0086,1.0169,0.009,0.8,1.67,-0.42,1.96,0.55,deitado
113,0.2665,0.9394,0.1145,0.9832,0.0303,0.13,-0.67,0.69,1.62,0.567,sentado
114,0.2831,1.1196,-0.0542,1.1562,0.2439,13.19,-30.99,-3.66,33.9,5.105,caminhando
115,0.1038,0.0467,0.9086,0.9157,0.0138,0.69,-1.92,0.33,2.46,0.102,deitado
116,-0.1108,1.0774,-0.2273,1.1067,0.237,-8.21,-17.68,26.39,26.08,7.312,caminhando
117,0.2253,0.901,0.0282,0.9291,0.2681,-28.03,-18.82,31.23,47.35,8.372,caminhando
118,0.258,0.9425,0.286,1.0182,0.1819,18.73,9.9,19.49,26.77,4.395,caminhando
119,0.2786,0.8664,-0.0072,0.9102,0.0325,0.2,0.68,-0.77,2.79,0.131,sentado
120,0.2247,0.9462,0.1258,0.9807,0.02,-1.05,1.94,-2.5,3,0.406,sentado
121,0.0496,1.0873,-0.1675,1.1012,0.2302,-1.03,-22.32,-37.01,32.36,3.503,caminhando
122,0.0365,0.9944,0.063,0.9971,0.0417,3.58,4.4,0.67,4.23,0.581,em_pe
123,0.1343,1.0164,-0.0357,1.0259,0.2203,11.78,6.37,20,39.69,3.96,caminhando
124,0.0141,1.0291,0.0815,1.0324,0.0163,-0.87,1.45,-1.74,2.55,0.696,em_pe
125,0.0491,0.9597,0.0293,0.9614,0.0368,-0.86,7.64,-0.92,7.13,0.381,em_pe
126,0.3479,0.9239,0.0319,0.9878,0.0349,-0.37,0.5,0.31,0.88,0.571,sentado
127,0.3673,0.979,-0.0023,1.0457,0.0526,1.38,-0.57,-0.17,1.35,0.511,sentado
128,0.0019,1.0196,0.0593,1.0213,0.2506,-3.04,1.56,40.43,35.94,6.839,caminhando
129,0.2806,0.9119,0.1747,0.97,0.0463,-1.99,2.11,-0.87,5.38,0.196,sentado
130,0.257,0.9324,0.0411,0.9681,0.029,1.89,-2.42,1.87,2.27,0.579,sentado
131,0.0318,0.9305,0.067,0.9334,0.0323,-0.85,3.34,0.94,3.24,0.678,em_pe
132,0.3051,1.0862,0.018,1.1284,0.1763,-10,32.11,-21.17,28.16,5.629,caminhando
133,0.4481,1.3592,-0.1124,1.4355,0.2429,-0.98,2.27,8.54,8.62,6.789,caminhando
134,0.0707,0.964,0.0025,0.9666,0.0125,-0.28,-0.63,-1.06,3.27,0.538,em_pe
135,0.013,0.9702,0.0525,0.9717,0.0423,-0.29,-0.16,-1.27,3.1,0.772,em_pe
136,0.052,0.1013,0.9115,0.9186,0.0104,-0.32,-3.05,-2.82,2.81,0.24,deitado
137,0.3084,0.9223,0.0325,0.973,0.0106,0.67,-2.86,2.2,2.66,0.147,sentado
138,0.0409,0.0327,0.8961,0.8976,0.0062,-0.57,-1.62,-0.13,1.65,0.221,deitado
139,0.1312,1.1192,0.2572,1.1558,0.2985,-0.38,18.83,-0.99,30.92,6.733,caminhando
140,0.1467,0.9166,-0.0032,0.9283,0.0413,0.23,-0.51,-0.78,2.22,0.21,sentado
141,0.3886,0.9678,0.085,1.0464,0.0425,-4.36,0.7,-2.12,3.85,0.718,sentado
142,-0.0257,0.0422,0.9899,0.9911,0.0128,0.72,0.21,-1.25,1.59,0.261,deitado
143,0.3347,0.8378,0.0448,0.9033,0.0228,1.54,-0.05,0.57,1.99,0.559,sentado
144,0.0908,0.1234,0.9088,0.9216,0.024,-0.43,-0.54,-1.39,2.15,0.411,deitado
145,0.0492,0.1168,0.537,0.5517,0.6119,176,-271,-102.43,253.41,25.319,queda
146,0.4031,0.8874,0.017,0.9748,0.0241,0.75,0.71,-0.6,1.15,0.349,sentado
147,-0.0467,1.105,0.1131,1.1118,0.3477,13.34,1.53,-8.59,33.99,9.63,caminhando
148,-0.0262,1.2714,0.0355,1.2722,0.2957,-14.18,1.22,-3.19,31.62,9.327,caminhando
149,0.0323,0.2019,1.0396,1.0596,0.0185,-1.9,-0.22,-0.88,2.63,0.192,deitado
150,0.148,0.9016,0.0454,0.9148,0.0235,0.36,-1.45,2.06,3.7,0.264,sentado
151,0.0091,1.0234,0.4114,1.103,0.2559,-9.88,3.53,6.75,34.22,5.644,caminhando
152,0.0353,1.0335,-0.0194,1.0343,0.015,-0.73,-0.8,3.9,3.75,0.908,em_pe
153,0.5062,1.2385,0.1766,1.3496,0.2609,-0.83,4.77,9.08,15.59,5.245,caminhando
154,0.2615,0.8724,0.0289,0.9112,0.0251,1.64,2.57,-1.44,2.71,0.633,sentado
155,0.261,0.8157,0.1476,0.8691,0.0552,1.65,-1.38,-0.89,3.52,0.366,sentado
156,0.476,0.2007,1.234,1.3378,0.9722,33.3,-40.12,-59.68,172.48,16.706,queda
157,-0.0333,0.9681,0.079,0.9719,0.0234,0.37,0.7,-2.9,4.19,0.359,em_pe
158,-0.0158,-0.0009,1.0302,1.0303,0.0202,-0.85,1.22,0.3,2.21,0.394,deitado
159,0.4567,0.8352,-0.0268,0.9523,0.0294,1.5,0.78,0.32,1.08,0.459,sentado
160,-0.0022,0.9526,0.0147,0.9527,0.0249,2.33,-5.26,-1.41,5.27,0.589,em_pe
161,0.0004,1.0198,0.0282,1.0202,0.0377,3.05,5.86,0.9,5.12,0.258,em_pe
162,-0.0318,0.9486,-0.0161,0.9492,0.0317,-0.29,-1.63,0.61,2.65,0.718,em_pe
163,-0.0282,1.0563,0.029,1.0571,0.04,-4.09,-2.62,-0.2,4.65,0.717,em_pe
164,0.0989,0.0591,1.0624,1.0686,0.0199,-0.22,0.16,-0.1,0.22,0.341,deitado
165,0.081,0.3746,0.8414,0.9246,0.893,20.04,-224.03,51.6,199.53,29.84,queda
166,0.3688,0.9831,-0.0178,1.0502,0.0242,-0.26,0.12,-0.52,0.97,0.478,sentado
167,0.0265,0.9762,0.0492,0.9778,0.0333,-1.14,1.03,0.43,2.07,0.618,em_pe
168,0.2856,0.85,0.1306,0.9062,0.0269,-1.81,-2.96,0.61,3.11,0.429,sentado
169,0.2316,1.1965,-0.002,1.2187,0.2992,-29.13,-2.16,-1.65,75.22,4.081,caminhando
170,0.3589,0.8911,0.0693,0.9632,0.0182,-0.13,1.77,0.34,1.63,0.429,sentado
171,-0.1199,0.9295,0.3493,1.0001,0.2239,7.07,-36.42,-4.99,47.31,3.55,caminhando
172,0.0044,0.9651,-0.0182,0.9653,0.023,2.24,0.97,-2.79,2.25,0.554,em_pe
173,0.1844,0.9176,0.425,1.0279,0.2729,20.96,-66.64,-14.8,56.11,4.858,caminhando
174,0.0009,0.9762,0.0748,0.979,0.0202,0.58,-1.08,2.06,4.4,0.311,em_pe
175,0.4333,0.9109,0.0824,1.0121,0.0232,0.98,-0.08,-0.07,2.97,0.464,sentado
176,-0.0218,0.9395,0.0877,0.9438,0.0298,-0.23,1.37,1.62,2.92,0.024,em_pe
177,0.2686,0.8714,0.1064,0.918,0.0206,0.02,0.65,0.27,0.86,0.547,sentado
178,0.0894,0.0292,0.8689,0.874,0.0184,-0.88,2.88,-2.24,2.62,0.282,deitado
179,-0.2305,1.0739,0.191,1.1149,0.1652,-16.77,3.9,-2.99,28.85,4.079,caminhando
180,0.0519,0.7409,0.0127,0.7428,0.243,-2.67,28.15,-15.37,46.18,3.806,caminhando
181,0.0358,0.9721,-0.0086,0.9728,0.0431,-1.12,0.63,-0.45,3.33,0.505,em_pe
182,0.0718,0.0344,1.0358,1.0388,0.027,0.05,1.83,-0.56,2.17,0.477,deitado
183,-0.0747,0.9202,0.0111,0.9233,0.0362,3.2,2.7,1.88,4.96,0.243,em_pe
184,-0.0355,0.9361,-0.0092,0.9368,0.0371,2.2,2.94,0.07,7.34,0.52,em_pe
185,0.0159,0.9158,0.0715,0.9187,0.0356,-4.91,-3.88,3.38,4.54,0.679,em_pe
186,0.1052,0.1365,0.9584,0.9738,0.0185,-0.01,0.04,-0.1,0.1,0.209,deitado
187,0.3761,1.2216,-0.0326,1.2786,0.3561,6.23,-7.52,8.78,35.66,5.183,caminhando
188,-0.0347,0.0196,1.0111,1.0119,0.0214,-1.43,-0.26,-0.17,2.01,0.415,deitado
189,0.4324,0.4472,-0.3466,0.7121,1.0989,79.82,-4.26,2.45,197.64,25.762,queda
190,-0.0095,-0.3861,0.5534,0.6748,0.529,30.62,-27.06,187.22,142.61,10.353,queda
191,0.0661,0.9079,0.0454,0.9114,0.0437,-0.16,1.15,1.55,3.47,0.387,em_pe
192,0.0265,1.2029,0.0894,1.2066,0.2935,33.65,-15.3,-3.86,38.78,4.695,caminhando
193,0.1064,-0.0158,0.9522,0.9583,0.0096,0.03,-0.06,0.1,0.1,0.474,deitado
194,-0.2252,0.8006,0.114,0.8394,0.1697,11.87,-10.26,-16.4,37.25,7.257,caminhando
195,0.3371,0.8864,0.0243,0.9487,0.0297,-3.86,4.44,0.88,4.04,0.216,sentado
196,0.4077,0.1877,-0.217,0.4985,0.4475,-245.38,104.65,-29.66,252.97,27.106,queda
197,0.0382,0.0214,0.8865,0.8876,0.0144,1.21,1.39,2.19,2.47,0.239,deitado
198,-0.0137,0.9814,-0.0065,0.9816,0.0373,1.72,1.52,1.46,2.77,0.78,em_pe
199,1.0181,0.5011,0.7855,1.3801,1.1168,45.99,140.02,38.52,124.94,30.431,queda
200,0.017,0.9735,0.2235,0.999,0.1985,2.16,-3.87,22.2,64.98,4.895,caminhando
201,0.4302,1.0072,0.0987,1.0997,0.1566,10.76,20.99,18.45,48.42,3.014,caminhando
202,-0.0106,0.9441,0.0062,0.9442,0.0211,-6.51,-3.49,-0.31,5.16,0.456,em_pe
203,-0.0367,0.9861,-0.0536,0.9882,0.0337,-0.89,-1.3,-0.67,1.91,0.332,em_pe
204,-0.0929,1.0097,0.1766,1.0293,0.2924,5.96,12.71,-3.65,26.7,6.55,caminhando
205,0.3487,0.9469,0.0486,1.0103,0.0325,3.22,0.31,-1.21,3.38,0.257,sentado
206,0.3507,0.9078,0.0606,0.9751,0.0252,1.5,0.67,-1.21,2.69,0.39,sentado
207,0.0707,0.9527,0.0532,0.9568,0.0328,-1.14,-0.41,-0.35,4.83,0.501,em_pe
208,0.174,0.0444,0.913,0.9305,0.0229,-2.32,3.19,0.69,2.82,0.444,deitado
209,0.1844,0.9367,0.1207,0.9623,0.0245,0.83,1.44,-0.94,2.7,0.538,sentado
210,0.1063,0.1673,1.02,1.0391,0.0252,-0.01,-0.58,-1.17,2.46,0.122,deitado
211,0.1242,-0.0036,0.8988,0.9073,0.0189,0.8,-0.49,-0.81,0.89,0.293,deitado
212,0.0897,0.9532,0.0954,0.9621,0.0343,1.59,2.9,3.87,3.47,0.63,em_pe
213,0.107,0.9155,0.1878,0.9407,0.2233,-6.16,-6.24,-17.2,59.64,7.706,caminhando
214,0.0356,-0.0172,0.9733,0.9741,0.0212,-0.21,-1.62,0.03,2.05,0.392,deitado
215,0.2498,0.9291,0.2943,1.0061,0.2118,-22.15,2.03,-23.28,33.87,5.883,caminhando
216,0.2543,0.9109,0.0145,0.9459,0.0314,-0.82,-0.45,-0.1,1.24,0.647,sentado
217,0.384,0.9168,0.0591,0.9957,0.0251,-1.99,-0.6,-3.26,3.39,0.65,sentado
218,0.1197,-0.0056,0.6608,0.6716,1.0514,-17.03,67.8,-56.01,211.27,30.326,queda
219,0.1137,1.0831,0.0829,1.0922,0.2968,-14.83,-79.16,-22.11,52.84,7.21,caminhando
220,0.0558,0.0181,0.8644,0.8664,0.0225,1.61,-0.21,-0.35,1.58,0.285,deitado
221,0.0771,0.8374,0.0676,0.8436,0.2255,-40.64,23.5,-33.86,45.45,4.679,caminhando
222,0.2717,0.8081,-0.0552,0.8543,0.0091,-2.37,-0.44,1.49,1.58,0.478,sentado
223,0.0067,0.5439,1.212,1.3284,0.673,-145.05,242.42,69.45,215.12,22.763,queda
224,0.0043,-0.061,1.0158,1.0176,0.0132,-0.98,0.63,4.77,2.78,0.205,deitado
225,0.1362,0.056,1.0782,1.0883,0.0349,0.99,0.99,-1.2,1.6,0.456,deitado
226,0.0448,0.0316,0.9463,0.9478,0.0192,0,-0.2,0.22,0.68,0.293,deitado
227,-0.0062,1.0522,0.0839,1.0555,0.0355,2.31,-0.38,7.17,5.08,0.406,em_pe
228,0.0094,0.9949,0.0342,0.9955,0.0362,-1.73,1.58,0.13,1.93,0.29,em_pe
229,0.2302,0.286,0.3744,0.5244,0.9391,-136.67,-168.53,-101.6,210.55,27.779,queda
230,0.2476,0.9461,0.0138,0.9781,0.0215,-0.03,0.12,-0.51,0.56,0.275,sentado
231,0.0539,0.0437,0.9877,0.9901,0.0455,0.84,0.58,-2.14,1.52,0.08,deitado
232,0.0927,0.9079,0.0149,0.9127,0.0121,-3.41,-1.83,-5.09,4.27,0.789,em_pe
233,0.3024,0.7497,0.0949,0.814,0.0336,1.44,3.25,0.27,5.97,0.453,sentado
234,0.1022,0.8646,-0.0971,0.8761,0.1003,17.74,30.53,0.33,40.58,4.164,caminhando
235,-0.0325,0.9616,-0.024,0.9625,0.0263,2.77,-0.27,-0.39,3.58,0.4,em_pe
236,0.0534,-0.0662,1.0861,1.0894,0.0092,0.38,-1.29,-0.94,2.4,0.424,deitado
237,0.4103,0.8947,0.1153,0.991,0.022,-1.91,-1.29,1.83,2.97,0.489,sentado
238,0.1211,1.0014,-0.0559,1.0103,0.0448,4.32,-2.53,1.95,3.56,0.149,em_pe
239,-0.0248,0.1348,1.0101,1.0194,0.0168,1.92,-0.81,2.77,2.16,0.243,deitado
240,0.0774,0.1566,0.9474,0.9633,0.0323,-0.09,-0.88,-0.21,1.74,0.212,deitado
241,0.0781,1.3305,0.0933,1.336,0.1864,10.38,4.81,23.86,55.2,5.599,caminhando
242,0.2808,0.9018,0.3331,1.0015,0.1921,-57.55,-0.27,42.26,48.83,6.29,caminhando
243,0.1338,0.1518,0.988,1.0085,0.0297,0.52,-0.53,3.62,2.8,0.148,deitado
244,-0.004,0.9456,0.0058,0.9456,0.0324,2.33,0.05,-0.44,3.66,0.391,em_pe
245,0.0574,1.0267,-0.014,1.0284,0.0499,-3.29,0.01,4.38,4.78,0.687,em_pe
246,-0.1558,0.7558,0.2852,0.8228,0.2095,14.35,-17.8,38.11,65.8,6.716,caminhando
247,0.0999,0.937,0.1182,0.9496,0.0411,0.52,0.43,-0.23,3.18,0.244,em_pe
248,0.0206,0.0589,0.9205,0.9226,0.0186,1.44,0.64,-0.8,3.3,0.431,deitado
249,0.0915,0.0561,0.9448,0.9509,0.0204,-0.13,-1.13,0.96,2.52,0.225,deitado
250,0.2731,0.9067,-0.0009,0.947,0.0217,0.89,1.25,-1.33,2.73,0.606,sentado
251,1.2548,-0.6112,2.0345,2.4673,0.8627,-166.47,4.55,170.88,190.7,41.185,queda
252,-0.0459,1.0413,0.1113,1.0482,0.0351,-1.01,0.82,0.89,2.53,0.246,em_pe
253,0.2466,0.9809,-0.0515,1.0127,0.1827,-27.7,-48.87,21.94,44.57,6.489,caminhando
254,0.1787,0.8391,0.0791,0.8615,0.0139,-1.19,1.3,-2.05,2.46,0.526,sentado
255,-0.2115,0.1567,0.7166,0.7634,0.8818,148.46,-28.46,-84,205.26,29.707,queda
256,0.0613,0.9384,0.0888,0.9446,0.036,1.39,2.21,1.29,4.57,0.416,em_pe
257,-0.0746,0.777,0.2905,0.8329,0.1339,27.04,11.67,-5.75,30.8,6.549,caminhando
258,0.1495,1.1654,0.2882,1.2098,0.3817,-44.34,6.79,23.46,49.07,5.003,caminhando
259,0.1877,0.8676,-0.2165,0.9136,0.2642,-13.52,-55.01,-23.94,56.99,4.797,caminhando
260,0.1005,0.096,0.8965,0.9072,0.0134,0.04,0.03,-0.07,0.11,0.553,deitado
261,-0.0337,0.9756,0.0676,0.9785,0.0238,0.12,-2.14,0.75,2.78,0.231,em_pe
262,0.1142,1.0199,0.318,1.0744,0.2907,-15.82,12.29,30.96,55.5,7.673,caminhando
263,0.2631,0.1454,-0.0543,0.3055,0.7488,146.88,113.48,239.58,305.48,19.76,queda
264,0.2745,0.9569,0.4036,1.0742,0.2508,-73.04,26.68,-23.6,55.82,5.763,caminhando
265,-0.0339,0.9434,0.0392,0.9449,0.0408,-1.46,-1.24,2,3.04,0.68,em_pe
266,0.089,0.0501,0.9572,0.9627,0.0147,0.96,0.32,0.08,1.02,0.459,deitado
267,-0.2158,1.269,0.0219,1.2874,0.2137,-1.94,9.41,18.73,36.23,5.072,caminhando
268,0.1611,0.828,0.1422,0.8554,0.248,-22.3,-20.82,5.94,35.4,5.702,caminhando
269,-0.0176,0.9747,0.0163,0.975,0.0174,1.86,-0.33,-2.01,3.02,0.418,em_pe
270,0.3432,1.1247,0.2387,1.1998,0.2977,17.62,-4.15,7.17,26.29,4.333,caminhando
271,0.0166,-0.005,1.024,1.0242,0.0203,-0.2,0.07,-2.28,2.16,0.298,deitado
272,0.0608,0.0974,0.9116,0.9188,0.0218,-0.5,-0.62,-1.94,1.68,0.524,deitado
273,0.0529,0.9529,-0.0557,0.956,0.0277,0,-1.4,0.95,4.57,0.517,em_pe
274,0.0298,1.0749,0.01,1.0754,0.0083,1.83,0.92,0.65,3.62,0.947,em_pe
275,0.6769,0.2789,1.0844,1.3084,0.5026,23.23,-9.74,-26.25,50.56,6.407,queda
276,0.1836,0.7807,-0.2063,0.8281,0.1838,1.29,10.9,-6.51,22.35,7.292,caminhando
277,-0.0083,1.0636,0.0856,1.067,0.3083,23.46,27.02,-5.95,36.78,7.682,caminhando
278,-0.0117,0.9855,0.0046,0.9856,0.0343,0.25,-0.52,-0.21,2.47,0.647,em_pe
279,0.5742,0.8551,0.2857,1.0689,0.8213,-177.34,-25.97,19.39,138.48,32.376,queda
280,0.3218,0.9548,0.0799,1.0107,0.0189,-0.8,-0.38,0.82,1.4,0.14,sentado
281,0.3019,0.8282,0.1604,0.896,0.2567,-35.7,33.66,-27.37,55.62,7.543,caminhando
282,-0.019,0.05,0.9317,0.9333,0.0268,-1.15,-0.37,2.24,1.5,0.18,deitado
283,0.1675,-0.0053,1.0304,1.044,0.0164,0.68,-1.12,-1.32,2.29,0.259,deitado
284,0.2841,0.9075,0.1022,0.9564,0.0447,0.02,0.03,-0.04,1.24,0.727,sentado
285,0.3049,0.8462,-0.0632,0.9017,0.0078,-0.41,-0.91,1.58,2.81,0.619,sentado
286,0.2556,0.9647,0.1127,1.0043,0.0257,-1.16,-0.76,-0.24,1.64,0.496,sentado
287,-0.0713,0.7874,0.5601,0.9689,0.247,1.9,-16.91,53.74,56.42,6.469,caminhando
288,0.2436,0.9486,-0.1288,0.9878,0.0166,0.47,-0.85,0.88,1.03,0.182,sentado
289,-0.2609,1.0521,0.2327,1.1087,0.2265,5.72,57.78,31.54,61.41,6.096,caminhando
290,-0.0187,0.0686,0.929,0.9317,0.0266,0.74,1.29,3.09,2.9,0.003,deitado
291,-0.5047,1.1292,0.0135,1.237,0.1671,-35.59,-25.84,-1.37,43.76,5.595,caminhando
292,0.2891,0.8311,0.0564,0.8818,0.0153,-4.49,-2.88,-3.96,4.47,0.396,sentado
293,1.0326,0.5312,1.2786,1.7273,1.0602,-132.02,205.03,-194.05,245.01,23.794,queda
294,0.0914,0.0123,0.9673,0.9717,0.0148,-1.02,0.26,-1.52,2.38,0.425,deitado
295,0.3766,0.9045,-0.3093,1.0274,0.2079,9.53,24.57,14.98,34.77,6.517,caminhando
296,0.3983,0.9393,0.1418,1.0301,0.031,-1.88,-3.5,-0.65,3.52,0.523,sentado
297,0.2474,0.9001,0.1301,0.9425,0.0236,-1.01,-0.1,0.68,2.75,0.306,sentado
298,-0.0598,1.0444,-0.0028,1.0462,0.023,-3.3,1.15,1.32,2.33,0.093,em_pe
299,0.2798,0.9215,-0.0196,0.9632,0.0352,-0.32,-1.62,0.06,2.23,0.624,sentado
300,-0.024,0.9853,-0.0627,0.9876,0.2836,0.54,18.31,6.69,49.12,6.727,caminhando
301,0.9948,0.0274,-0.1119,1.0015,0.7947,-109.07,166.15,-91.14,151.94,18.214,queda
302,0.1132,1.4254,0.2544,1.4523,0.213,15.14,17.17,-29.85,51.25,4.09,caminhando
303,0.4095,0.9435,-0.0533,1.0299,0.022,-1.01,0.35,-0.29,2.94,0.52,sentado
304,0.0112,0.7426,0.1468,0.7571,0.1712,-4.71,6.18,-31.48,26.23,5.172,caminhando
305,0.624,0.7901,0.1036,1.0121,0.5099,-99.48,7.44,-32.02,73.54,9.897,queda
306,0.0083,0.9831,-0.0166,0.9832,0.0195,-0.54,-0.58,-0.59,2.12,0.126,em_pe
307,0.0087,0.9706,-0.0226,0.9709,0.044,-1.41,-2.67,-2.26,2.78,0.322,em_pe
308,0.151,0.0552,1.0051,1.0179,0.0317,0.03,-1.41,0.93,1.02,0.25,deitado
309,0.0594,0.1124,0.9667,0.975,0.032,-0.61,3.22,-0.04,2.46,0.308,deitado
310,-0.024,1.2531,0.2578,1.2796,0.1722,28.72,7.51,-46.25,40.36,6.945,caminhando
311,0.3609,0.8554,0.0946,0.9332,0.0319,0.04,0.4,0.63,0.62,0.637,sentado
312,0.2994,0.8439,0.0504,0.8968,0.0388,1.83,-1.24,3.38,3.56,0.759,sentado
313,0.2528,0.9969,0.0784,1.0314,0.0473,1.2,-0.91,-2.02,2.23,0.682,sentado
314,0.2224,0.8865,0.0472,0.9152,0.0335,1.88,0.5,0.19,2.04,0.356,sentado
315,0.0114,0.8241,0.1156,0.8322,0.168,-17,-4.44,-1.03,16.72,4.905,caminhando
316,0.3319,0.8421,0.118,0.9128,0.0355,-2.04,0.23,-1.29,3.42,0.185,sentado
317,0.1607,0.9435,0.0623,0.9591,0.0211,1.22,0.83,0.36,1.65,0.877,em_pe
318,0.0766,0.0788,1.0094,1.0154,0.0212,-1.48,1.62,0.79,1.73,0.203,deitado
319,0.848,0.3385,0.3374,0.9734,0.6251,182.19,259.08,-80.42,193.38,28.748,queda
320,0.2425,0.9681,-0.0003,0.998,0.0327,-0.27,-1.2,-0.02,1.13,0.458,sentado
321,0.2311,0.9113,0.1122,0.9469,0.0299,-1.04,-2.93,0.72,2.91,0.28,sentado
322,0.3188,0.8769,-0.0154,0.9332,0.0354,-2.73,-1.76,-0.03,3.24,0.1,sentado
323,0.0441,0.1358,0.9287,0.9396,0.0262,0.34,-1.84,1.43,2.06,0.576,deitado
324,0.0093,0.0228,0.9929,0.9932,0.0138,-0.41,-0.83,-1.28,2.42,0.786,deitado
325,0.3524,0.8923,-0.025,0.9597,0.0308,-1.68,-2.63,-1.83,2.82,0.555,sentado
326,-0.0069,0.1034,0.9525,0.9581,0.0072,1.51,0.5,0.39,2.58,0.363,deitado
327,0.3754,1.0734,0.0541,1.1384,0.1852,-7.07,13.39,-0.27,29.86,5.366,caminhando
328,0.0469,0.058,1.0453,1.048,0.0308,0.63,1.02,-0.43,1.71,0.149,deitado
329,0.0851,1.126,0.257,1.1581,0.2202,-24.45,-16.28,-4.81,50.25,3.594,caminhando
330,-0.0106,0.9629,0.0106,0.963,0.0584,-0.32,0.82,0.83,2.79,0.624,em_pe
331,-0.167,0.0415,0.4728,0.5032,0.29,-60.98,3.77,-36.21,111.11,15.016,queda
332,0.0045,0.9802,0.0206,0.9804,0.0333,1.98,-1.06,0.48,2.92,0.474,em_pe
333,-0.0823,1.1444,0.0179,1.1475,0.2408,17.97,44.15,-35.91,43.49,5.706,caminhando
334,0.0869,0.1083,0.975,0.9848,0.0151,-2.06,-2.96,3.27,2.46,0.184,deitado
335,0.13,0.1227,0.8973,0.9149,0.2586,86.31,-10.74,16.52,58.37,5.752,queda
336,0.0296,0.9146,0.0721,0.9179,0.0368,0.01,-0.53,-2.44,3.18,0.671,em_pe
337,0.5734,0.3443,0.7423,0.9992,0.7707,-220.63,-58.14,-104.05,296.91,23.909,queda
338,0.4362,0.2463,-0.0041,0.501,0.3392,1.54,-5.18,-24.97,63.44,13.822,queda
339,0.026,0.0217,0.9385,0.9391,0.0015,0.85,2.36,-0.19,2.68,0.402,deitado
340,0.0031,0.0562,0.9346,0.9363,0.0282,1.59,0.67,-1.51,2.11,0.246,deitado
341,0.013,0.0636,1.0026,1.0047,0.0132,-0.97,-0.77,0.07,1.03,0.071,deitado
342,-0.164,0.5793,0.7796,0.985,0.4436,-20.81,4.66,47.05,76.15,10.468,queda
343,0.2926,0.9681,0.1253,1.0191,0.0265,1.5,-1.42,-0.7,2.41,0.384,sentado
344,0.0274,0.9551,0.109,0.9617,0.0304,1.93,1.27,-0.52,5.31,0.538,em_pe
345,0.0958,0.1537,1.0187,1.0346,0.0192,1.83,1.65,1.85,1.35,0.347,deitado
346,0.3289,0.9236,0.0684,0.9828,0.0175,-1.15,-0.74,1.71,2.8,0.19,sentado
347,0.1008,0.1378,0.966,0.9809,0.032,-0.2,-0.2,-0.62,0.71,0.322,deitado
348,0.0034,0.9964,0.0576,0.9981,0.0439,0.1,-0.63,0.36,2.08,0.604,em_pe
349,0.0488,1.0516,0.0837,1.056,0.0331,-1.26,1.74,-2.54,3.84,0.471,em_pe
350,0.0151,1.0004,0.0121,1.0005,0.0396,0.36,0.31,-0.35,1.15,0.486,em_pe
351,-0.0458,0.148,0.9182,0.9312,0.0224,-0.44,3.48,-1.69,2.67,0.101,deitado
352,0.1151,0.1166,0.8862,0.9013,0.0312,-0.58,-0.41,-0.35,1.56,0.405,deitado
353,0.1148,0.0669,0.9725,0.9816,0.0169,-1.48,0.67,-2.62,2.39,0.408,deitado
354,-0.0152,-0.0197,1.0523,1.0526,0.0266,-0.75,-1.13,-2.71,2.81,0.572,deitado
355,0.0715,0.9708,0.0127,0.9735,0.022,-3.15,-2.7,-3.62,4.7,0.334,em_pe
356,0.4476,0.5021,0.0322,0.6735,0.396,-16.26,26.04,60.73,91.52,9.267,queda
357,-0.0175,0.0086,0.9961,0.9963,0.016,1.24,-0.04,-0.07,1.14,0.209,deitado
358,0.0959,-0.0055,0.9785,0.9832,0.019,0.44,-0.18,-0.25,0.83,0.32,deitado
359,0.0562,1.215,0.2078,1.2339,0.2658,-26.33,4.88,61.93,52.34,4.564,caminhando
360,0.3279,0.8002,0.0901,0.8694,0.0293,0.18,0.09,0.1,0.27,0.692,sentado
361,-0.0187,1.2058,0.1477,1.215,0.3256,-27.08,-14.62,-36.3,46.96,5.727,caminhando
362,0.2604,0.8726,0.0154,0.9107,0.0499,1.04,-1.09,0.72,3.22,0.372,sentado
363,-0.0558,0.0525,0.9806,0.9836,0.039,0.27,-0.03,-0.5,0.73,0.357,deitado
364,0.1121,0.664,-0.0103,0.6735,0.2674,7.44,0.45,33.11,42.37,5.712,caminhando
365,0.2151,0.9078,0.0396,0.9338,0.0184,-0.26,0.3,-0.85,2.77,0.003,sentado
366,0.0931,1.0117,0.086,1.0196,0.0296,-1.36,0,-1.4,1.86,0.599,em_pe
367,0.3275,0.9601,0.0366,1.0151,0.0334,-0.45,-0.68,1.12,3.41,0.563,sentado
368,0.2672,0.963,-0.0524,1.0008,0.2046,2.19,26.68,-4.36,50.17,8.639,caminhando
369,0.2452,0.9352,-0.0072,0.9669,0.0294,2.59,-4.23,-1.27,3.25,0.113,sentado
370,0.1462,1.1327,0.0921,1.1458,0.2786,23.82,24.2,10.68,28.78,3.595,caminhando
371,0.3328,1.05,0.0638,1.1033,0.2409,5.2,-52.82,9.92,46.76,8.318,caminhando
372,-0.0379,-0.1078,0.3247,0.3442,0.592,196.98,-182.95,98.93,229.89,21.299,queda
373,0.4138,0.021,0.1704,0.448,0.6453,216.23,89.56,65.62,223.92,8.437,queda
374,0.2151,1.1627,-0.0234,1.1827,0.2116,12.02,-0.54,2.1,54.06,6.879,caminhando
375,0.3353,0.9619,0.0766,1.0215,0.0264,1.35,1.46,-1.57,1.77,0.35,sentado
376,-0.0325,0.9457,0.3443,1.007,0.178,13.42,1.27,18.98,33.23,6.343,caminhando
377,0.046,0.0764,1.0137,1.0176,0.0238,0.89,0.08,-4.26,2.76,0.397,deitado
378,0.002,1.175,0.4053,1.2429,0.2435,-21.95,-20.29,-21.18,51.82,7.88,caminhando
379,0.0788,1.0449,0.4012,1.1221,0.116,-13.8,42.04,29.56,40.4,7.322,caminhando
380,-0.0202,-0.0325,0.9986,0.9993,0.0159,-0.89,0.16,-0.25,0.92,0.329,deitado
381,-0.003,0.1929,0.944,0.9635,0.0306,-0.25,0,1.13,1.5,0.117,deitado
382,-0.0333,0.1953,0.5067,0.5441,0.3325,18.51,-12.16,25.82,100.39,11.724,queda
383,0.0556,0.1206,1.0113,1.02,0.0053,0.48,0.07,-0.88,1.17,0.173,deitado
384,0.0206,1.031,0.1007,1.0361,0.254,-65.41,61.52,-4.88,56.58,9.302,caminhando
385,0.3985,0.9202,0.0217,1.003,0.0197,-0.5,2.46,0.13,2.85,0.064,sentado
386,0.0813,0.0237,0.9698,0.9735,0.0169,0.27,0.74,0.09,1.75,0.4,deitado
387,0.2976,0.5024,0.2528,0.6363,0.4519,-211.44,199.98,-17.2,256.01,36.073,queda
388,0.1379,0.9482,0.1661,0.9725,0.2572,4.51,-5.94,36.93,42.51,3.683,caminhando
389,-0.0182,0.0124,0.9246,0.9249,0.0308,-0.52,0.78,-0.28,0.69,0.199,deitado
390,0.2145,0.8797,0.1107,0.9122,0.0292,0.21,-0.06,0.71,1.77,0.626,sentado
391,0.3494,0.9354,0.1015,1.0036,0.0367,0.89,1.66,3.62,2.09,0.322,sentado
392,0.3476,1.1459,0.0982,1.2014,0.2311,-32.74,9.24,-34.62,54.1,5.517,caminhando
393,0.1685,0.8179,0.0133,0.8352,0.0273,0.09,0.02,0.33,0.37,0.332,sentado
394,0.0641,-0.0243,0.986,0.9884,0.0212,2.25,0.21,-2.92,3,0.112,deitado
395,0.2915,0.9382,0.0967,0.9872,0.0243,0.76,1.04,1.27,1.34,0.54,sentado
396,0.1256,0.9684,0.0776,0.9796,0.041,0.11,2.28,1.57,2.45,0.448,em_pe
397,0.3889,0.9963,-0.0033,1.0695,0.0302,-2.51,-1.62,-2.12,3.51,0.271,sentado
398,0.2171,0.7918,0.2798,0.8674,0.177,-23.64,12.4,-16.92,31.9,5.405,caminhando
399,0.0696,0.9663,0.3185,1.0198,0.3098,-38.21,-0.05,-29.56,42.05,5.741,caminhando
400,0.0326,0.0263,1.0008,1.0016,0.0244,-0.53,-2.08,0.32,1.75,0.441,deitado
401,0.0233,0.9526,-0.0081,0.953,0.0344,-0.19,-0.05,-0.03,0.14,0.725,em_pe
402,0.4227,0.3682,0.4321,0.7078,0.3035,8.27,16.91,-9.3,72.56,8.971,queda
403,-0.003,0.9398,-0.0666,0.9422,0.0312,2.67,-0.05,3.24,3.86,0.77,em_pe
404,-0.0833,0.9666,0.0186,0.9704,0.0203,3,-1.66,-3.08,4.22,0.654,em_pe
405,0.8894,0.7843,1.118,1.6298,1.0828,-18.15,-59.9,21.47,197.45,12.533,queda
406,0.0917,0.0623,0.9574,0.9638,0.0202,-1.31,-0.28,0.49,2.56,0.386,deitado
407,0.2951,0.935,0.021,0.9806,0.0294,0.13,-1.48,-1.75,2.03,0.393,sentado
408,0.0111,0.1804,1.0783,1.0933,0.0202,-0.98,-2.88,0.76,2.46,0.262,deitado
409,0.3982,0.8861,0.1367,0.981,0.0142,0.24,-0.54,-0.23,0.82,0.768,sentado
410,0.1066,0.0906,0.8436,0.8551,0.0169,0.84,-0.78,-0.4,1.09,0.611,deitado
411,0.6022,0.5038,0.2557,0.8258,0.8114,93.74,-40.09,-1.58,147.77,24.155,queda
412,0.3123,0.8753,0.0278,0.9298,0.0552,1.88,-0.01,-0.76,1.73,0.669,sentado
413,0.0959,1.028,0.0122,1.0325,0.0375,1.01,0.41,1.32,2.79,0.279,em_pe
414,0.2693,1.0118,0.2298,1.072,0.2185,-14.49,-17.99,-6.91,31.99,6.509,caminhando
415,-0.0059,0.9832,0.0695,0.9857,0.0278,-0.45,3.58,-3.82,3.89,0.461,em_pe
416,0.0971,0.0626,1.076,1.0822,0.0299,1.02,0.94,-1.07,2.21,0.372,deitado
417,-0.1412,0.901,0.0796,0.9155,0.3255,55.2,-32.9,-23.25,55.51,5.54,caminhando
418,0.2719,0.8242,0.0775,0.8714,0.0234,0.45,2.99,0.85,5.76,0.436,sentado
419,-0.1119,0.5287,0.1557,0.5624,0.4521,107.06,17.4,140.96,136.86,5.588,queda
420,-0.0208,-0.0455,0.9821,0.9834,0.0061,-0.14,0.64,0.15,0.5,0.164,deitado
421,0.057,0.4653,0.8664,0.9851,0.6597,9.25,-200.65,88.3,168.69,33.167,queda
422,0.7719,0.3615,0.697,1.1011,0.3891,139.3,-25.09,55.64,65.92,6.92,queda
423,-0.1142,1.0364,0.4755,1.146,0.229,38.15,-32.75,10.21,55.87,0.653,caminhando
424,0.0284,0.0324,0.9995,1.0004,0.0078,1.06,0.74,1.33,1.75,0.282,deitado
425,0.3673,0.9032,0.0988,0.98,0.0335,1.18,0.1,-1.19,3.55,0.537,sentado
426,0.2455,0.9575,0.0219,0.9887,0.0336,-1.57,5.53,0.36,6.24,0.154,sentado
427,0.0746,1.0112,0.0341,1.0146,0.0259,0.66,-4.62,2.3,3.55,0.239,em_pe
428,0.0236,1.0261,0.0606,1.0282,0.0079,0.86,0.52,0.61,2.56,0.548,em_pe
429,0.3133,0.8465,-0.013,0.9027,0.0249,-0.13,2.98,-1.19,3.15,0.272,sentado
430,0.1832,1.137,0.3614,1.207,0.155,-11.91,19.97,-30.92,26.78,4.352,caminhando
431,0.3073,0.6092,0.2819,0.7383,1.0051,169.05,-105.74,322.6,256.09,19.564,queda
432,0.2706,0.906,0.1605,0.9591,0.0349,-0.82,-0.71,0.33,2.15,0.462,sentado
433,0.0964,-0.0144,0.9109,0.9161,0.0271,-0.57,0.68,1.36,1.59,0.187,deitado
434,0.0022,0.6118,0.4611,0.766,0.4834,-201.47,-3.92,60.85,247.56,24.799,queda
435,0.2235,0.9691,-0.0544,0.9961,0.0247,2.09,1.08,0.03,2.26,0.409,sentado
436,0.1834,-0.0121,0.719,0.7422,0.7544,-137.41,-69.33,94.71,163.13,25.869,queda
437,0.3322,0.8178,0.0133,0.8828,0.0118,2.55,2.22,3.96,4.58,0.334,sentado
438,0.0078,1.0087,-0.0074,1.0088,0.0256,-1.59,3.99,1.23,5.93,0.689,em_pe
439,0.036,0.2029,0.9109,0.9339,0.0259,-1.57,0.15,-2.59,2.54,0.323,deitado
440,0.0265,0.9767,-0.0399,0.9779,0.0124,1.6,2.47,-2.1,6.09,0.727,em_pe
441,0.4269,0.7421,0.365,0.9307,0.2102,0.27,-6.89,-14.21,18.86,6.547,caminhando
442,0.1052,0.9372,-0.0209,0.9433,0.1325,-13.84,20.12,-35.89,59.67,6.33,caminhando
443,0.8581,0.0198,-0.0391,0.8593,0.3414,-12.66,-6.37,60.21,51.22,14.156,queda
444,0.1031,1.129,0.2746,1.1665,0.2346,-5.54,-15.22,-18.33,53.81,6.5,caminhando
445,0.068,1.0152,0.0944,1.0218,0.0148,-1.61,-0.79,-0.81,2.27,0.194,em_pe
446,0.0965,0.0461,0.9983,1.004,0.0124,2.5,2.05,-0.04,2.6,0.552,deitado
447,-0.0958,0.9964,0.3277,1.0533,0.219,8.29,18.92,18.03,67.77,4.133,caminhando
448,0.0393,0.992,-0.0088,0.9928,0.0302,0.82,-1.04,4.35,3.66,0.424,em_pe
449,0.322,0.621,0.8461,1.0979,0.1562,25.69,-42.93,21.19,60.65,13.712,queda
450,0.015,0.9163,-0.0146,0.9166,0.0495,4.13,-0.08,-4.19,6.03,0.505,em_pe
451,-0.0193,1.0233,0.1275,1.0314,0.0362,-0.54,-1.49,3.67,2.95,0.923,em_pe
452,0.5395,0.0667,0.2261,0.5888,0.7004,-117.28,-306.11,-96.55,248.05,31.714,queda
453,0.2642,0.9449,-0.0199,0.9813,0.0376,-1.08,-4.33,-5.32,5.51,0.394,sentado
454,0.1018,0.8367,0.4769,0.9684,0.1606,1.53,-3.03,0.53,60.04,6.911,queda
455,0.014,0.0763,0.9702,0.9733,0.0151,-1.47,0.46,0.85,1.93,0.262,deitado
456,0.0507,0.1263,1.009,1.0182,0.0272,1.14,-1.16,-0.08,1.9,0.103,deitado
457,0.286,1.1205,-0.0879,1.1598,0.2324,-1.9,60.2,12.13,46.03,6.975,caminhando
458,-0.0334,1.4614,0.203,1.4758,0.1897,24.81,-0.9,-62.81,54.12,6.045,caminhando
459,0.3245,0.8275,0.1208,0.897,0.0128,-3.59,1.63,-0.63,3.05,0.422,sentado
460,0.3722,-0.3295,0.5122,0.7138,0.6969,104.12,110.81,300.11,301.62,37.086,queda
461,-0.0037,0.936,-0.0236,0.9363,0.0431,-3.1,0.86,1.31,3.82,0.251,em_pe
462,0.0402,0.9532,0.0021,0.954,0.0498,-9.2,2.96,2.37,5.5,0.906,em_pe
463,0.0508,0.9786,-0.0716,0.9825,0.0261,0.4,0.67,1.45,3.98,0.448,em_pe
464,0.2154,0.7933,-0.2091,0.8482,0.263,17.11,9.73,-4.32,54.23,4.418,caminhando
465,-0.0321,1.0093,-0.024,1.0101,0.0309,-1.41,0.11,-0.48,2.87,0.328,em_pe
466,0.3462,0.8153,0.0357,0.8865,0.0268,1.77,-2,-1.08,3.01,0.405,sentado
467,0.1203,0.9408,0.0977,0.9535,0.0482,-0.11,0.59,0.23,0.84,0.82,em_pe
468,0.0782,1.045,0.112,1.0539,0.0434,-2.67,3.23,0.61,4.41,0.617,em_pe
469,0.0162,0.0892,0.9497,0.954,0.0133,0.62,0.21,-0.54,1.83,0.309,deitado
470,0.0374,0.973,0.0216,0.974,0.0392,-1.99,1.99,-1.28,5.9,0.704,em_pe
471,0.006,0.0746,0.9813,0.9841,0.0296,-0.32,-0.56,-0.4,0.91,0.42,deitado
472,0.1277,0.9811,0.1829,1.0061,0.3079,38.74,21.46,-59.14,44.51,6.726,caminhando
473,0.0805,0.0374,1.0618,1.0655,0.0196,0.14,0.21,1.51,1.18,0.374,deitado
474,0.2106,0.9179,0.1067,0.9477,0.0163,0.4,-0.95,0.89,2.17,0.303,sentado
475,0.7874,0.1787,1.4861,1.6913,0.7033,-169.41,48.93,-67.21,266.25,28.815,queda
476,-0.0221,0.9877,0.0257,0.9882,0.0253,-1.47,-1.91,-4.43,3.69,0.196,em_pe
477,0.338,0.0718,0.894,0.9585,0.1773,34.11,49.22,-41.84,112.82,7.019,queda
478,-0.0313,0.8204,0.0361,0.8218,0.2329,-3.48,-38.38,-25.41,44.83,7.402,caminhando
479,0.0817,-0.0303,0.9208,0.9249,0.0036,0.22,-0.84,-0.6,2.52,0.107,deitado
480,0.0055,0.9703,-0.011,0.9704,0.0208,0.63,0.2,0.2,0.53,0.39,em_pe
481,0.0642,-0.0188,0.9273,0.9297,0.0239,-0.07,0.23,-0.47,0.63,0.616,deitado
482,0.3016,1.0827,0.1908,1.1401,0.2691,36.58,39.61,50.37,71.87,6.64,caminhando
483,0.334,0.9078,0.0751,0.9702,0.0393,2.56,-0.78,0.41,2.92,0.527,sentado
484,0.0376,0.0056,0.8663,0.8671,0.0232,1.74,2.41,0.83,1.81,0.263,deitado
485,0.1247,0.9019,0.2772,0.9518,0.2047,-24.42,-6.1,-32.76,39.47,7.672,caminhando
486,0.3961,0.2959,0.3996,0.6357,1.3545,35.77,192.84,107.16,311.04,21.618,queda
487,0.3548,0.9906,0.0804,1.0553,0.0376,-2.92,1.62,-2.68,3.05,0.224,sentado
488,0.1127,0.1183,0.9246,0.9389,0.0169,-0.59,-1.31,-0.2,2.59,0.125,deitado
489,0.1015,0.6629,0.2502,0.7157,0.1731,10.87,19.85,-26.82,48.2,4.643,caminhando
490,0.1986,0.8526,0.1353,0.8858,0.2265,-41.47,-26.74,-26.44,50.59,8.696,caminhando
491,0.1006,0.5768,0.251,0.637,0.662,192.96,24.52,-23.95,165.21,24.538,queda
492,0.124,0.0678,0.9277,0.9384,0.0253,0.1,0.34,0.62,1.85,0.451,deitado
493,0.1518,0.1214,0.9623,0.9818,0.0178,0.89,0.33,-0.65,1.65,0.222,deitado
494,1.0855,1.1226,0.9123,1.8085,0.7322,55.37,139.53,136.63,246.88,24.828,queda
495,0.2263,-0.2189,0.2417,0.397,0.3886,27.31,8.93,-39.33,53.67,7.023,queda
496,0.0086,0.7844,0.0008,0.7844,0.2981,-11.05,-36.82,-69.7,39.37,10.278,caminhando
497,0.0389,1.0027,-0.0366,1.0041,0.0592,-3.23,-3.11,-1.21,4.42,0.542,em_pe
498,0.0937,0.9777,0.0395,0.983,0.0094,-3.73,0.54,1.69,3.91,0.421,em_pe
499,0.32,0.9522,0.1017,1.0096,0.0225,0.26,2.62,0.02,3.65,0.735,sentado
500,-0.0822,1.13,0.0975,1.1372,0.2873,16.35,7.79,-20.85,42.5,4.799,caminhando
501,0.2957,0.9921,0.0162,1.0354,0.2427,38.36,20.37,-18.23,38.4,7.072,caminhando
502,-0.2813,0.1672,0.8855,0.9441,1.1112,34.97,-184.33,1.4,148.16,42.42,queda
503,0.005,0.1168,0.9561,0.9632,0.0342,-0.68,-1.41,-1.65,1.87,0.021,deitado
504,0.2923,0.983,-0.0245,1.0258,0.0404,-4.28,4.58,-1.32,4.64,0.513,sentado
505,0.1086,0.6012,-0.2931,0.6776,0.304,-2.77,-5.04,-13.3,20.51,1.561,caminhando
506,0.0575,0.9785,0.0911,0.9844,0.0166,-3.38,1.49,3.79,4.25,0.482,em_pe
507,0.0363,1.028,0.0409,1.0295,0.0199,-0.23,0.4,-0.18,4.69,0.521,em_pe
508,0.0142,0.0895,0.8982,0.9028,0.0138,-1.7,-0.87,-0.15,2.14,0.421,deitado
509,-0.0531,1.1012,-0.0597,1.1041,0.3092,32.97,-51.89,-23.81,50.05,5.691,caminhando
510,-0.0072,1.002,0.0579,1.0036,0.2053,25.68,14.26,37.86,37.43,5.331,caminhando
511,0.0476,0.0269,0.9704,0.9719,0.027,0.42,-0.03,-0.05,0.68,0.387,deitado
512,0.1584,0.1512,0.9765,1.0007,0.0192,-0.3,-0.72,1.07,2.12,0.242,deitado
513,-0.0738,0.9364,0.042,0.9402,0.0329,2.86,0.99,1.92,3.71,0.19,em_pe
514,0.483,0.6005,0.1181,0.7796,0.3844,80.4,63.2,-74.11,98.9,6.642,queda
515,0.2644,0.9169,0.1028,0.9598,0.0252,-0.82,2.85,1.35,3.97,0.116,sentado
516,0.332,0.8656,0.1413,0.9378,0.0427,-0.26,0.31,-1.88,1.87,0.651,sentado
517,0.0044,0.1181,1.1067,1.113,0.0238,-2.67,2.76,-0.76,3.02,0.324,deitado
518,-0.0543,0.9549,0.0111,0.9565,0.0363,-0.91,2.25,0.65,2.4,0.418,em_pe
519,0.743,1.032,0.296,1.3057,0.5268,-6.36,-36.17,22.03,77.2,9.262,queda
520,0.0088,0.9114,-0.0135,0.9116,0.0219,1.13,-2.67,0.5,3.71,0.357,em_pe
521,0.093,1.159,-0.056,1.1641,0.1812,-18.79,11.78,14.72,45.82,4.477,caminhando
522,-0.0018,0.024,0.9512,0.9515,0.0302,-0.29,-0.77,0.06,1.28,0.805,deitado
523,-0.0955,0.9757,0.0205,0.9805,0.0269,0.4,-0.7,-1.78,1.88,0.239,em_pe
524,0.1454,0.7588,0.6799,1.0292,0.8121,11.26,-46.21,-107.37,217.79,25.044,queda
525,0.3427,0.8468,0.0131,0.9136,0.0214,0.72,-3.34,1.4,4.22,0.102,sentado
526,0.2328,0.824,0.0275,0.8566,0.0336,0.24,0.2,-0.48,1.52,0.4,sentado
527,0.0103,0.7983,0.0541,0.8002,0.2576,22.24,10.75,-29.44,49.79,4.831,caminhando
528,0.0783,0.1092,1.0312,1.04,0.0115,-2.48,1.85,1.72,2.05,0.196,deitado
529,0.2213,0.1403,0.4429,0.5146,0.987,-61.93,41.02,-181.05,221.16,22.116,queda
530,0.3711,0.7922,0.0323,0.8754,0.0435,-0.52,-0.48,-0.1,1.1,0.654,sentado
531,0.0843,0.9981,0.0832,1.0051,0.0433,7.75,-4.19,-0.18,6.68,0.354,em_pe
532,0.9639,0.5639,0.0331,1.1172,1.2392,-387.71,-163.28,20.52,233.08,28.064,queda
533,-0.1003,0.9174,0.0045,0.9229,0.3124,33.89,-24.59,35.13,43.08,5.705,caminhando
534,0.0252,0.9235,-0.0166,0.924,0.0275,5.52,-1.99,5.05,3.51,0.676,em_pe
535,0.1965,1.0208,0.0137,1.0396,0.2668,21.2,-16,-28.35,71.62,6.207,caminhando
536,0.1489,0.8806,0.2188,0.9195,0.2707,20.76,-21.08,-7.34,37.15,4.344,caminhando
537,0.0085,0.0249,0.9157,0.9161,0.0267,3.23,1.38,2.64,2.71,0.241,deitado
538,-0.0388,0.2059,0.9537,0.9765,0.0088,0.73,-2.48,-0.61,2.67,0.601,deitado
539,0.1097,0.0668,1.0412,1.0491,0.0159,1.4,2.67,0.41,2.23,0.334,deitado
540,0.1486,1.3057,-0.0144,1.3142,0.1655,-13.06,1.9,-10.65,15.61,5.712,caminhando
