timestamp,sala,temperatura_c,umidade_pct,luminosidade_lux,ar_condicionado,pessoas_estimadas,conforto
2025-03-03 00:00:00,lab_optica,19.28,71.3,0,0,0,frio
2025-03-03 00:15:00,lab_optica,19.88,73,24,0,0,confortavel
2025-03-03 00:30:00,lab_optica,18.27,76,0,0,0,frio
2025-03-03 00:45:00,lab_optica,18.25,69.1,0,0,0,frio
2025-03-03 01:00:00,lab_optica,19.78,74.9,29,0,0,confortavel
2025-03-03 01:15:00,lab_optica,20.2,71.2,6,0,0,confortavel
2025-03-03 01:30:00,lab_optica,18.61,74.1,0,0,0,frio
2025-03-03 01:45:00,lab_optica,19.43,74.9,0,0,0,confortavel
2025-03-03 02:00:00,lab_optica,20.04,69.8,0,0,0,confortavel
2025-03-03 02:15:00,lab_optica,20.15,70.9,0,0,0,frio
2025-03-03 02:30:00,lab_optica,20.11,74.9,0,0,0,frio
2025-03-03 02:45:00,lab_optica,19.45,73.9,27,0,0,frio
2025-03-03 03:00:00,lab_optica,21.19,72.6,0,0,0,confortavel
2025-03-03 03:15:00,lab_optica,21.38,74.2,10,0,0,confortavel
2025-03-03 03:30:00,lab_optica,20.63,73.5,0,0,0,confortavel
2025-03-03 03:45:00,lab_optica,20.28,71.3,29,0,0,confortavel
2025-03-03 04:00:00,lab_optica,22.03,69.8,0,0,0,confortavel
2025-03-03 04:15:00,lab_optica,22.6,69.2,6,0,0,confortavel
2025-03-03 04:30:00,lab_optica,21.69,67.5,17,0,0,confortavel
2025-03-03 04:45:00,lab_optica,21.75,75.1,0,0,0,confortavel
2025-03-03 05:00:00,lab_optica,23.09,67.8,0,0,0,confortavel
2025-03-03 05:15:00,lab_optica,22.65,64.8,0,0,0,confortavel
2025-03-03 05:30:00,lab_optica,22.82,67.7,23,0,0,confortavel
2025-03-03 05:45:00,lab_optica,24.66,66.6,0,0,0,confortavel
2025-03-03 06:00:00,lab_optica,24.94,68.1,0,0,0,confortavel
2025-03-03 06:15:00,lab_optica,23.99,68.3,0,0,0,confortavel
2025-03-03 06:30:00,lab_optica,25,65.1,15,0,0,confortavel
2025-03-03 06:45:00,lab_optica,24.55,63.5,0,0,0,confortavel
2025-03-03 07:00:00,lab_optica,25.5,67.8,59,0,0,confortavel
2025-03-03 07:15:00,lab_optica,25.79,66.7,75,0,0,confortavel
2025-03-03 07:30:00,lab_optica,26.09,64.1,109,0,0,confortavel
2025-03-03 07:45:00,lab_optica,26.17,64.4,90,0,0,quente
2025-03-03 08:00:00,lab_optica,25.38,58.1,419,1,2,confortavel
2025-03-03 08:15:00,lab_optica,26.42,60.3,453,1,7,quente
2025-03-03 08:30:00,lab_optica,24.82,64.4,477,1,1,confortavel
2025-03-03 08:45:00,lab_optica,25.97,62,447,1,5,confortavel
2025-03-03 09:00:00,lab_optica,26.36,61,489,1,5,confortavel
2025-03-03 09:15:00,lab_optica,27.63,58.3,501,1,6,quente
2025-03-03 09:30:00,lab_optica,26.39,57.8,481,1,5,quente
2025-03-03 09:45:00,lab_optica,27.05,57.8,519,1,10,quente
2025-03-03 10:00:00,lab_optica,27.14,60.5,592,1,1,quente
2025-03-03 10:15:00,lab_optica,28.14,55,567,1,8,quente
2025-03-03 10:30:00,lab_optica,28.26,60.3,593,1,7,quente
2025-03-03 10:45:00,lab_optica,28.68,55.1,573,1,9,quente
2025-03-03 11:00:00,lab_optica,28.58,58.3,643,1,8,quente
2025-03-03 11:15:00,lab_optica,28.02,52.4,622,1,7,quente
2025-03-03 11:30:00,lab_optica,28.87,55.6,558,1,5,quente
2025-03-03 11:45:00,lab_optica,29.21,49,613,1,12,quente
2025-03-03 12:00:00,lab_optica,28.85,59.5,637,1,11,quente
2025-03-03 12:15:00,lab_optica,28.39,55.6,600,1,9,quente
2025-03-03 12:30:00,lab_optica,28.69,58.3,609,1,5,quente
2025-03-03 12:45:00,lab_optica,28.9,50.7,609,1,4,quente
2025-03-03 13:00:00,lab_optica,28.41,58.4,615,1,8,quente
2025-03-03 13:15:00,lab_optica,27.23,56.6,644,1,4,quente
2025-03-03 13:30:00,lab_optica,28.21,57.8,582,1,5,quente
2025-03-03 13:45:00,lab_optica,28.86,53.9,618,1,6,quente
2025-03-03 14:00:00,lab_optica,27.96,56.3,581,1,0,quente
2025-03-03 14:15:00,lab_optica,27.5,55.3,544,1,5,quente
2025-03-03 14:30:00,lab_optica,28.64,57.4,613,1,8,quente
2025-03-03 14:45:00,lab_optica,28.94,55.4,613,1,10,quente
2025-03-03 15:00:00,lab_optica,27.45,53.7,476,1,3,quente
2025-03-03 15:15:00,lab_optica,27.42,54.8,463,1,7,quente
2025-03-03 15:30:00,lab_optica,27.35,56.2,500,1,5,quente
2025-03-03 15:45:00,lab_optica,26.14,58.5,545,1,5,quente
2025-03-03 16:00:00,lab_optica,25.5,56.9,462,1,2,confortavel
2025-03-03 16:15:00,lab_optica,25.36,61.8,369,1,6,confortavel
2025-03-03 16:30:00,lab_optica,25.39,61.4,430,1,0,confortavel
2025-03-03 16:45:00,lab_optica,25.08,61.9,431,1,1,confortavel
2025-03-03 17:00:00,lab_optica,25.06,58.1,340,1,9,confortavel
2025-03-03 17:15:00,lab_optica,24.46,61.3,349,1,3,confortavel
2025-03-03 17:30:00,lab_optica,24.4,61.9,371,1,7,confortavel
2025-03-03 17:45:00,lab_optica,24.5,59.2,300,1,1,confortavel
2025-03-03 18:00:00,lab_optica,25.19,65.6,237,0,1,confortavel
2025-03-03 18:15:00,lab_optica,24.74,65.1,219,0,3,confortavel
2025-03-03 18:30:00,lab_optica,24.7,71.3,258,0,7,confortavel
2025-03-03 18:45:00,lab_optica,25.91,61.9,271,0,5,confortavel
2025-03-03 19:00:00,lab_optica,23.46,63.7,13,0,0,confortavel
2025-03-03 19:15:00,lab_optica,22.89,73,5,0,0,confortavel
2025-03-03 19:30:00,lab_optica,23.61,66.6,11,0,0,confortavel
2025-03-03 19:45:00,lab_optica,23.3,65,0,0,0,confortavel
2025-03-03 20:00:00,lab_optica,22.19,66.9,26,0,0,confortavel
2025-03-03 20:15:00,lab_optica,21.58,72.2,0,0,0,confortavel
2025-03-03 20:30:00,lab_optica,21.96,70.7,3,0,0,confortavel
2025-03-03 20:45:00,lab_optica,22.31,69.8,0,0,0,confortavel
2025-03-03 21:00:00,lab_optica,20.16,71.4,15,0,0,frio
2025-03-03 21:15:00,lab_optica,19.85,73.4,22,0,0,confortavel
2025-03-03 21:30:00,lab_optica,20.76,70.5,0,0,0,confortavel
2025-03-03 21:45:00,lab_optica,21.21,66.7,0,0,0,confortavel
2025-03-03 22:00:00,lab_optica,20.07,75.5,18,0,0,frio
2025-03-03 22:15:00,lab_optica,20.2,72.1,15,0,0,confortavel
2025-03-03 22:30:00,lab_optica,19.83,73,0,0,0,frio
2025-03-03 22:45:00,lab_optica,20.11,70.5,0,0,0,frio
2025-03-03 23:00:00,lab_optica,19.15,72.5,7,0,0,frio
2025-03-03 23:15:00,lab_optica,18.4,73.2,0,0,0,frio
2025-03-03 23:30:00,lab_optica,19.4,73.7,0,0,0,frio
2025-03-03 23:45:00,lab_optica,20.04,70.2,10,0,0,confortavel
2025-03-04 00:00:00,lab_optica,18.43,73.7,33,0,0,frio
2025-03-04 00:15:00,lab_optica,19.77,71.9,8,0,0,frio
2025-03-04 00:30:00,lab_optica,18.84,71.9,0,0,0,frio
2025-03-04 00:45:00,lab_optica,18.48,70.9,14,0,0,frio
2025-03-04 01:00:00,lab_optica,20.31,68.9,46,0,0,frio
2025-03-04 01:15:00,lab_optica,18.98,74.1,0,0,0,frio
2025-03-04 01:30:00,lab_optica,18.56,71,0,0,0,frio
2025-03-04 01:45:00,lab_optica,18.77,76,0,0,0,frio
2025-03-04 02:00:00,lab_optica,19.26,75.6,0,0,0,frio
2025-03-04 02:15:00,lab_optica,20.15,71.5,0,0,0,confortavel
2025-03-04 02:30:00,lab_optica,19.67,70.7,0,0,0,frio
2025-03-04 02:45:00,lab_optica,20.03,71.6,0,0,0,frio
2025-03-04 03:00:00,lab_optica,20.64,67.4,0,0,0,confortavel
2025-03-04 03:15:00,lab_optica,21.04,71,37,0,0,confortavel
2025-03-04 03:30:00,lab_optica,20.66,72.3,3,0,0,confortavel
2025-03-04 03:45:00,lab_optica,20.52,71.3,0,0,0,confortavel
2025-03-04 04:00:00,lab_optica,21.22,72.9,39,0,0,confortavel
2025-03-04 04:15:00,lab_optica,21.96,68.1,13,0,0,confortavel
2025-03-04 04:30:00,lab_optica,22.02,69.1,41,0,0,confortavel
2025-03-04 04:45:00,lab_optica,20.7,69.9,0,0,0,confortavel
2025-03-04 05:00:00,lab_optica,23.45,67.6,0,0,0,confortavel
2025-03-04 05:15:00,lab_optica,23.34,66.3,0,0,0,confortavel
2025-03-04 05:30:00,lab_optica,23.26,66.2,42,0,0,confortavel
2025-03-04 05:45:00,lab_optica,23.07,70.2,0,0,0,confortavel
2025-03-04 06:00:00,lab_optica,24.54,66.7,11,0,0,confortavel
2025-03-04 06:15:00,lab_optica,24.67,70.4,25,0,0,confortavel
2025-03-04 06:30:00,lab_optica,23.96,66.5,0,0,0,confortavel
2025-03-04 06:45:00,lab_optica,25.37,64.3,9,0,0,confortavel
2025-03-04 07:00:00,lab_optica,25.44,64.2,84,0,0,confortavel
2025-03-04 07:15:00,lab_optica,25.71,65.6,95,0,0,confortavel
2025-03-04 07:30:00,lab_optica,25.38,66.8,116,0,0,confortavel
2025-03-04 07:45:00,lab_optica,26.34,60,87,0,0,confortavel
2025-03-04 08:00:00,lab_optica,26.79,58.7,433,1,6,quente
2025-03-04 08:15:00,lab_optica,26.73,59.5,457,1,8,quente
2025-03-04 08:30:00,lab_optica,25.79,62.3,467,1,8,quente
2025-03-04 08:45:00,lab_optica,26.69,59.6,440,1,9,quente
2025-03-04 09:00:00,lab_optica,26.03,62.2,513,1,0,confortavel
2025-03-04 09:15:00,lab_optica,27.42,57.1,503,1,6,quente
2025-03-04 09:30:00,lab_optica,27.59,57.5,497,1,6,quente
2025-03-04 09:45:00,lab_optica,26.81,56.7,558,1,8,quente
2025-03-04 10:00:00,lab_optica,27.94,57.8,559,1,7,quente
2025-03-04 10:15:00,lab_optica,27.49,56.3,539,1,3,quente
2025-03-04 10:30:00,lab_optica,27.15,62.9,596,1,1,quente
2025-03-04 10:45:00,lab_optica,27.29,56.3,576,1,6,quente
2025-03-04 11:00:00,lab_optica,27.87,62.3,619,1,3,quente
2025-03-04 11:15:00,lab_optica,28.43,55.6,615,1,1,quente
2025-03-04 11:30:00,lab_optica,28.91,55.9,599,1,5,quente
2025-03-04 11:45:00,lab_optica,28.7,56.2,577,1,6,quente
2025-03-04 12:00:00,lab_optica,28.62,59.6,601,1,8,quente
2025-03-04 12:15:00,lab_optica,28.13,58.7,612,1,2,quente
2025-03-04 12:30:00,lab_optica,27.27,52.4,584,1,0,quente
2025-03-04 12:45:00,lab_optica,28.91,54.9,604,1,9,quente
2025-03-04 13:00:00,lab_optica,28.86,51.9,572,1,4,quente
2025-03-04 13:15:00,lab_optica,28.42,55.3,622,1,6,quente
2025-03-04 13:30:00,lab_optica,28.44,52.6,549,1,6,quente
2025-03-04 13:45:00,lab_optica,28.8,52.4,599,1,8,quente
2025-03-04 14:00:00,lab_optica,27.05,59.5,568,1,3,quente
2025-03-04 14:15:00,lab_optica,27.53,58.3,546,1,4,quente
2025-03-04 14:30:00,lab_optica,27.2,58.8,544,1,2,quente
2025-03-04 14:45:00,lab_optica,26.77,60,607,1,1,quente
2025-03-04 15:00:00,lab_optica,26.33,57.1,505,1,0,quente
2025-03-04 15:15:00,lab_optica,26.69,60.8,505,1,3,quente
2025-03-04 15:30:00,lab_optica,26.4,59.3,482,1,1,quente
2025-03-04 15:45:00,lab_optica,26.45,61.1,474,1,2,quente
2025-03-04 16:00:00,lab_optica,25.69,60.4,437,1,2,quente
2025-03-04 16:15:00,lab_optica,25.87,62.3,390,1,4,quente
2025-03-04 16:30:00,lab_optica,25.82,61.8,464,1,2,confortavel
2025-03-04 16:45:00,lab_optica,26.21,61.8,438,1,9,confortavel
2025-03-04 17:00:00,lab_optica,24.9,63.1,329,1,3,confortavel
2025-03-04 17:15:00,lab_optica,24.38,61,286,1,9,confortavel
2025-03-04 17:30:00,lab_optica,24.48,62.9,327,1,8,confortavel
2025-03-04 17:45:00,lab_optica,24.36,59.7,318,1,3,confortavel
2025-03-04 18:00:00,lab_optica,25.47,65.1,254,0,4,confortavel
2025-03-04 18:15:00,lab_optica,25.31,64.6,218,0,0,confortavel
2025-03-04 18:30:00,lab_optica,24.54,66,283,0,6,confortavel
2025-03-04 18:45:00,lab_optica,24.89,68.3,258,0,2,confortavel
2025-03-04 19:00:00,lab_optica,22.97,64.8,14,0,0,confortavel
2025-03-04 19:15:00,lab_optica,23.46,71.2,11,0,0,confortavel
2025-03-04 19:30:00,lab_optica,23.51,67.8,0,0,0,confortavel
2025-03-04 19:45:00,lab_optica,23.05,71.3,15,0,0,confortavel
2025-03-04 20:00:00,lab_optica,21.72,72.6,23,0,0,confortavel
2025-03-04 20:15:00,lab_optica,21.5,65.1,0,0,0,confortavel
2025-03-04 20:30:00,lab_optica,22.24,68.9,0,0,0,confortavel
2025-03-04 20:45:00,lab_optica,22.03,67.4,0,0,0,confortavel
2025-03-04 21:00:00,lab_optica,20.46,70.7,0,0,0,confortavel
2025-03-04 21:15:00,lab_optica,20.81,73.8,0,0,0,confortavel
2025-03-04 21:30:00,lab_optica,20.86,74.2,0,0,0,confortavel
2025-03-04 21:45:00,lab_optica,20.95,71.6,0,0,0,confortavel
2025-03-04 22:00:00,lab_optica,19.6,72.2,8,0,0,frio
2025-03-04 22:15:00,lab_optica,19.3,74.3,0,0,0,frio
2025-03-04 22:30:00,lab_optica,19.67,74.3,35,0,0,frio
2025-03-04 22:45:00,lab_optica,20.6,69.5,0,0,0,frio
2025-03-04 23:00:00,lab_optica,19.61,73.7,9,0,0,frio
2025-03-04 23:15:00,lab_optica,20.05,73.9,5,0,0,frio
2025-03-04 23:30:00,lab_optica,20.14,70.5,0,0,0,frio
2025-03-04 23:45:00,lab_optica,19.39,75.4,0,0,0,frio
2025-03-05 00:00:00,lab_optica,19.04,77.6,5,0,0,frio
2025-03-05 00:15:00,lab_optica,19.02,74.2,0,0,0,frio
2025-03-05 00:30:00,lab_optica,19.82,73.3,0,0,0,frio
2025-03-05 00:45:00,lab_optica,18.94,73,27,0,0,frio
2025-03-05 01:00:00,lab_optica,19.54,71.8,15,0,0,frio
2025-03-05 01:15:00,lab_optica,18.92,77.2,0,0,0,frio
2025-03-05 01:30:00,lab_optica,19.95,70.1,0,0,0,frio
2025-03-05 01:45:00,lab_optica,19.1,75.1,0,0,0,frio
2025-03-05 02:00:00,lab_optica,20.16,70.4,29,0,0,confortavel
2025-03-05 02:15:00,lab_optica,20.2,70.4,18,0,0,confortavel
2025-03-05 02:30:00,lab_optica,19.61,71.9,1,0,0,frio
2025-03-05 02:45:00,lab_optica,20.22,71.4,16,0,0,confortavel
2025-03-05 03:00:00,lab_optica,20.78,71.6,4,0,0,confortavel
2025-03-05 03:15:00,lab_optica,20.73,71.8,0,0,0,frio
2025-03-05 03:30:00,lab_optica,20.7,71.2,0,0,0,confortavel
2025-03-05 03:45:00,lab_optica,21.37,65.9,26,0,0,confortavel
2025-03-05 04:00:00,lab_optica,21.45,70,3,0,0,confortavel
2025-03-05 04:15:00,lab_optica,20.71,67.8,0,0,0,confortavel
2025-03-05 04:30:00,lab_optica,21.44,72.9,23,0,0,confortavel
2025-03-05 04:45:00,lab_optica,21.41,73.8,1,0,0,confortavel
2025-03-05 05:00:00,lab_optica,22.41,67.6,24,0,0,confortavel
2025-03-05 05:15:00,lab_optica,23.4,66.7,0,0,0,confortavel
2025-03-05 05:30:00,lab_optica,23.06,69.8,0,0,0,confortavel
2025-03-05 05:45:00,lab_optica,22.7,68.6,0,0,0,confortavel
2025-03-05 06:00:00,lab_optica,25.37,65.1,0,0,0,confortavel
2025-03-05 06:15:00,lab_optica,24.51,68.3,14,0,0,confortavel
2025-03-05 06:30:00,lab_optica,25.18,70,0,0,0,confortavel
2025-03-05 06:45:00,lab_optica,24.68,69.3,37,0,0,confortavel
2025-03-05 07:00:00,lab_optica,26.01,63.5,126,0,0,confortavel
2025-03-05 07:15:00,lab_optica,26.1,66.7,93,0,0,confortavel
2025-03-05 07:30:00,lab_optica,25.38,62.7,60,0,0,confortavel
2025-03-05 07:45:00,lab_optica,26.03,67.9,90,0,0,confortavel
2025-03-05 08:00:00,lab_optica,26.23,59.8,413,1,2,quente
2025-03-05 08:15:00,lab_optica,25.76,58,444,1,4,quente
2025-03-05 08:30:00,lab_optica,25.1,63.3,435,1,0,confortavel
2025-03-05 08:45:00,lab_optica,25.05,57.7,437,1,2,confortavel
2025-03-05 09:00:00,lab_optica,27.66,58.1,477,1,4,quente
2025-03-05 09:15:00,lab_optica,27.2,57.4,527,1,6,quente
2025-03-05 09:30:00,lab_optica,26.24,62.8,556,1,8,quente
2025-03-05 09:45:00,lab_optica,27.23,58.5,463,1,5,quente
2025-03-05 10:00:00,lab_optica,27.72,53.2,528,1,3,quente
2025-03-05 10:15:00,lab_optica,28.06,56.2,562,1,7,quente
2025-03-05 10:30:00,lab_optica,27.5,61.7,578,1,3,quente
2025-03-05 10:45:00,lab_optica,27.15,58,566,1,1,quente
2025-03-05 11:00:00,lab_optica,29.12,54.1,625,1,11,quente
2025-03-05 11:15:00,lab_optica,27.79,54.4,614,1,1,quente
2025-03-05 11:30:00,lab_optica,28.15,56.8,635,1,4,quente
2025-03-05 11:45:00,lab_optica,28.47,54.6,636,1,4,quente
2025-03-05 12:00:00,lab_optica,28.16,53.8,627,1,0,quente
2025-03-05 12:15:00,lab_optica,28.2,55.9,598,1,6,quente
2025-03-05 12:30:00,lab_optica,29.31,54.9,599,1,6,quente
2025-03-05 12:45:00,lab_optica,28.26,54.6,569,1,4,quente
2025-03-05 13:00:00,lab_optica,27.78,61.6,599,1,1,quente
2025-03-05 13:15:00,lab_optica,28.87,51.8,599,1,5,quente
2025-03-05 13:30:00,lab_optica,28.29,53.9,608,1,6,quente
2025-03-05 13:45:00,lab_optica,28.78,57.2,614,1,4,quente
2025-03-05 14:00:00,lab_optica,28.03,58.7,626,1,6,quente
2025-03-05 14:15:00,lab_optica,28.62,57.8,550,1,9,quente
2025-03-05 14:30:00,lab_optica,27.74,59.6,580,1,1,quente
2025-03-05 14:45:00,lab_optica,27.64,54,593,1,5,quente
2025-03-05 15:00:00,lab_optica,27.24,57.3,510,1,7,quente
2025-03-05 15:15:00,lab_optica,27.63,57.9,505,1,11,quente
2025-03-05 15:30:00,lab_optica,26.88,59.1,515,1,3,confortavel
2025-03-05 15:45:00,lab_optica,27.87,58.3,505,1,11,quente
2025-03-05 16:00:00,lab_optica,25.96,61.9,420,1,3,quente
2025-03-05 16:15:00,lab_optica,26.04,60.6,467,1,4,confortavel
2025-03-05 16:30:00,lab_optica,25.52,61.4,409,1,0,confortavel
2025-03-05 16:45:00,lab_optica,27.22,58.4,432,1,11,confortavel
2025-03-05 17:00:00,lab_optica,24.78,64.7,344,1,5,confortavel
2025-03-05 17:15:00,lab_optica,24.68,57.9,360,1,6,confortavel
2025-03-05 17:30:00,lab_optica,24.83,64.2,365,1,6,confortavel
2025-03-05 17:45:00,lab_optica,25.13,62.2,335,1,6,confortavel
2025-03-05 18:00:00,lab_optica,24.7,66.3,238,0,6,confortavel
2025-03-05 18:15:00,lab_optica,26.41,62.9,257,0,9,quente
2025-03-05 18:30:00,lab_optica,24.23,64.4,206,0,1,confortavel
2025-03-05 18:45:00,lab_optica,24.78,69.7,214,0,1,confortavel
2025-03-05 19:00:00,lab_optica,23.1,71.2,25,0,0,confortavel
2025-03-05 19:15:00,lab_optica,23.58,68.9,0,0,0,confortavel
2025-03-05 19:30:00,lab_optica,23.3,68.5,0,0,0,confortavel
2025-03-05 19:45:00,lab_optica,22.9,68.1,55,0,0,confortavel
2025-03-05 20:00:00,lab_optica,21.33,68,40,0,0,confortavel
2025-03-05 20:15:00,lab_optica,22.35,68.2,0,0,0,confortavel
2025-03-05 20:30:00,lab_optica,22.22,66.2,0,0,0,confortavel
2025-03-05 20:45:00,lab_optica,21.28,73.3,0,0,0,confortavel
2025-03-05 21:00:00,lab_optica,21,69.4,82,0,0,confortavel
2025-03-05 21:15:00,lab_optica,21.05,72.4,0,0,0,confortavel
2025-03-05 21:30:00,lab_optica,20.86,69.9,13,0,0,confortavel
2025-03-05 21:45:00,lab_optica,19.51,71.7,0,0,0,frio
2025-03-05 22:00:00,lab_optica,20.15,72.2,51,0,0,frio
2025-03-05 22:15:00,lab_optica,19.26,74.3,28,0,0,frio
2025-03-05 22:30:00,lab_optica,19.59,70.2,13,0,0,frio
2025-03-05 22:45:00,lab_optica,20.33,71.7,43,0,0,confortavel
2025-03-05 23:00:00,lab_optica,19.23,65.8,0,0,0,frio
2025-03-05 23:15:00,lab_optica,20.29,72.7,25,0,0,confortavel
2025-03-05 23:30:00,lab_optica,19.1,72.6,29,0,0,confortavel
2025-03-05 23:45:00,lab_optica,19.98,78.5,2,0,0,frio
2025-03-03 00:00:00,sala_aula_302,18.73,75.7,0,0,0,frio
2025-03-03 00:15:00,sala_aula_302,18.87,76.6,25,0,0,frio
2025-03-03 00:30:00,sala_aula_302,19.57,72.9,0,0,0,frio
2025-03-03 00:45:00,sala_aula_302,19.16,73.5,0,0,0,frio
2025-03-03 01:00:00,sala_aula_302,20.39,69.9,0,0,0,frio
2025-03-03 01:15:00,sala_aula_302,19.28,68.6,12,0,0,frio
2025-03-03 01:30:00,sala_aula_302,19.33,75.7,2,0,0,frio
2025-03-03 01:45:00,sala_aula_302,19.16,73,12,0,0,frio
2025-03-03 02:00:00,sala_aula_302,20.35,75.4,5,0,0,frio
2025-03-03 02:15:00,sala_aula_302,19.28,69.5,9,0,0,frio
2025-03-03 02:30:00,sala_aula_302,19.41,76.7,0,0,0,frio
2025-03-03 02:45:00,sala_aula_302,20.1,72.7,0,0,0,confortavel
2025-03-03 03:00:00,sala_aula_302,20.73,68,0,0,0,confortavel
2025-03-03 03:15:00,sala_aula_302,20.89,73.2,0,0,0,confortavel
2025-03-03 03:30:00,sala_aula_302,21.03,72.1,0,0,0,confortavel
2025-03-03 03:45:00,sala_aula_302,21.28,70.5,0,0,0,confortavel
2025-03-03 04:00:00,sala_aula_302,21.98,74,13,0,0,confortavel
2025-03-03 04:15:00,sala_aula_302,21.86,68.3,36,0,0,confortavel
2025-03-03 04:30:00,sala_aula_302,21.98,69.4,62,0,0,confortavel
2025-03-03 04:45:00,sala_aula_302,21.36,70.6,22,0,0,confortavel
2025-03-03 05:00:00,sala_aula_302,23.84,66.8,0,0,0,confortavel
2025-03-03 05:15:00,sala_aula_302,23.18,67.7,15,0,0,confortavel
2025-03-03 05:30:00,sala_aula_302,23.47,69.8,0,0,0,confortavel
2025-03-03 05:45:00,sala_aula_302,23.17,69.6,0,0,0,confortavel
2025-03-03 06:00:00,sala_aula_302,24.22,65.6,0,0,0,confortavel
2025-03-03 06:15:00,sala_aula_302,24.85,70.3,0,0,0,confortavel
2025-03-03 06:30:00,sala_aula_302,24.19,68.2,0,0,0,confortavel
2025-03-03 06:45:00,sala_aula_302,24.77,64.7,0,0,0,confortavel
2025-03-03 07:00:00,sala_aula_302,26.19,63.6,91,0,0,quente
2025-03-03 07:15:00,sala_aula_302,26.11,65,97,0,0,confortavel
2025-03-03 07:30:00,sala_aula_302,25.53,68,61,0,0,confortavel
2025-03-03 07:45:00,sala_aula_302,26.08,66.8,98,0,0,quente
2025-03-03 08:00:00,sala_aula_302,28.79,58,460,1,18,quente
2025-03-03 08:15:00,sala_aula_302,26.96,57.2,420,1,11,quente
2025-03-03 08:30:00,sala_aula_302,27.07,55,435,1,15,confortavel
2025-03-03 08:45:00,sala_aula_302,27.05,58.5,386,1,16,quente
2025-03-03 09:00:00,sala_aula_302,27.35,57.8,538,1,5,quente
2025-03-03 09:15:00,sala_aula_302,27.08,58.8,528,1,10,quente
2025-03-03 09:30:00,sala_aula_302,28.41,57.6,485,1,15,quente
2025-03-03 09:45:00,sala_aula_302,27.48,63.7,514,1,9,quente
2025-03-03 10:00:00,sala_aula_302,29.59,53,636,1,13,quente
2025-03-03 10:15:00,sala_aula_302,28.81,55.8,595,1,13,quente
2025-03-03 10:30:00,sala_aula_302,30.12,51.6,582,1,19,quente
2025-03-03 10:45:00,sala_aula_302,28.68,58.9,587,1,10,quente
2025-03-03 11:00:00,sala_aula_302,28.8,58,648,1,8,quente
2025-03-03 11:15:00,sala_aula_302,29.11,54.9,644,1,10,quente
2025-03-03 11:30:00,sala_aula_302,28.44,54.8,631,1,6,quente
2025-03-03 11:45:00,sala_aula_302,29.95,55.6,621,1,15,quente
2025-03-03 12:00:00,sala_aula_302,30.39,56.6,614,1,13,quente
2025-03-03 12:15:00,sala_aula_302,29.33,60.4,623,1,11,quente
2025-03-03 12:30:00,sala_aula_302,29.53,54.7,642,1,15,quente
2025-03-03 12:45:00,sala_aula_302,28.26,60.2,622,1,8,quente
2025-03-03 13:00:00,sala_aula_302,29.19,56.9,639,1,12,quente
2025-03-03 13:15:00,sala_aula_302,29.11,53,607,1,10,quente
2025-03-03 13:30:00,sala_aula_302,29.49,51.9,591,1,11,quente
2025-03-03 13:45:00,sala_aula_302,29.83,55.2,572,1,11,quente
2025-03-03 14:00:00,sala_aula_302,28.75,54.1,615,1,12,quente
2025-03-03 14:15:00,sala_aula_302,29.56,54.6,577,1,18,quente
2025-03-03 14:30:00,sala_aula_302,30.1,54.7,605,1,18,quente
2025-03-03 14:45:00,sala_aula_302,28.27,58.1,551,1,11,quente
2025-03-03 15:00:00,sala_aula_302,26.88,59.6,509,1,10,quente
2025-03-03 15:15:00,sala_aula_302,28.35,56.2,514,1,14,quente
2025-03-03 15:30:00,sala_aula_302,28.74,56.9,504,1,15,quente
2025-03-03 15:45:00,sala_aula_302,27.81,58.6,490,1,9,quente
2025-03-03 16:00:00,sala_aula_302,26.89,58.9,430,1,12,quente
2025-03-03 16:15:00,sala_aula_302,27.62,54.8,456,1,18,quente
2025-03-03 16:30:00,sala_aula_302,27.97,55.7,461,1,11,quente
2025-03-03 16:45:00,sala_aula_302,26.88,55,431,1,11,quente
2025-03-03 17:00:00,sala_aula_302,25.24,60.1,367,1,9,confortavel
2025-03-03 17:15:00,sala_aula_302,25.14,56.6,342,1,16,confortavel
2025-03-03 17:30:00,sala_aula_302,24.75,64.3,341,1,13,confortavel
2025-03-03 17:45:00,sala_aula_302,25.97,58.8,301,1,14,quente
2025-03-03 18:00:00,sala_aula_302,25.77,64.3,202,0,12,quente
2025-03-03 18:15:00,sala_aula_302,27.3,65.2,293,0,14,quente
2025-03-03 18:30:00,sala_aula_302,26.34,63.3,226,0,9,quente
2025-03-03 18:45:00,sala_aula_302,24.43,69.6,201,0,3,confortavel
2025-03-03 19:00:00,sala_aula_302,23.07,67.7,0,0,0,confortavel
2025-03-03 19:15:00,sala_aula_302,23.04,68.7,0,0,0,confortavel
2025-03-03 19:30:00,sala_aula_302,23.04,68.9,22,0,0,confortavel
2025-03-03 19:45:00,sala_aula_302,23.19,68.3,0,0,0,confortavel
2025-03-03 20:00:00,sala_aula_302,21.86,66.6,0,0,0,confortavel
2025-03-03 20:15:00,sala_aula_302,22.04,68.2,20,0,0,confortavel
2025-03-03 20:30:00,sala_aula_302,20.79,71.9,5,0,0,confortavel
2025-03-03 20:45:00,sala_aula_302,21.91,70.5,20,0,0,confortavel
2025-03-03 21:00:00,sala_aula_302,20.41,73.3,12,0,0,confortavel
2025-03-03 21:15:00,sala_aula_302,20.95,71,71,0,0,confortavel
2025-03-03 21:30:00,sala_aula_302,21.23,71.3,0,0,0,confortavel
2025-03-03 21:45:00,sala_aula_302,21.06,72.9,0,0,0,confortavel
2025-03-03 22:00:00,sala_aula_302,19.43,76.1,16,0,0,frio
2025-03-03 22:15:00,sala_aula_302,20.6,74.8,0,0,0,confortavel
2025-03-03 22:30:00,sala_aula_302,19.32,76.7,25,0,0,frio
2025-03-03 22:45:00,sala_aula_302,19.87,72.3,0,0,0,frio
2025-03-03 23:00:00,sala_aula_302,19.1,72,0,0,0,frio
2025-03-03 23:15:00,sala_aula_302,19.7,71.7,53,0,0,frio
2025-03-03 23:30:00,sala_aula_302,19.84,73.1,0,0,0,confortavel
2025-03-03 23:45:00,sala_aula_302,19.41,72.9,0,0,0,frio
2025-03-04 00:00:00,sala_aula_302,19.09,73.7,31,0,0,frio
2025-03-04 00:15:00,sala_aula_302,18.48,71.2,42,0,0,frio
2025-03-04 00:30:00,sala_aula_302,18.44,74.3,0,0,0,frio
2025-03-04 00:45:00,sala_aula_302,18.81,74.8,0,0,0,frio
2025-03-04 01:00:00,sala_aula_302,20,70.6,4,0,0,frio
2025-03-04 01:15:00,sala_aula_302,19.13,71.9,0,0,0,frio
2025-03-04 01:30:00,sala_aula_302,19.42,73.8,0,0,0,confortavel
2025-03-04 01:45:00,sala_aula_302,19.91,72.2,0,0,0,confortavel
2025-03-04 02:00:00,sala_aula_302,20.36,71.8,0,0,0,confortavel
2025-03-04 02:15:00,sala_aula_302,19.22,74.6,4,0,0,frio
2025-03-04 02:30:00,sala_aula_302,19.71,69.5,0,0,0,frio
2025-03-04 02:45:00,sala_aula_302,19.9,72.7,0,0,0,frio
2025-03-04 03:00:00,sala_aula_302,20.37,71,0,0,0,confortavel
2025-03-04 03:15:00,sala_aula_302,20.03,69.1,12,0,0,confortavel
2025-03-04 03:30:00,sala_aula_302,21.16,72.5,7,0,0,confortavel
2025-03-04 03:45:00,sala_aula_302,21.73,68.5,0,0,0,confortavel
2025-03-04 04:00:00,sala_aula_302,21.2,70.8,0,0,0,confortavel
2025-03-04 04:15:00,sala_aula_302,21.66,68.5,0,0,0,confortavel
2025-03-04 04:30:00,sala_aula_302,22.15,73.1,34,0,0,confortavel
2025-03-04 04:45:00,sala_aula_302,22,69.5,7,0,0,confortavel
2025-03-04 05:00:00,sala_aula_302,23.61,70.1,14,0,0,confortavel
2025-03-04 05:15:00,sala_aula_302,22.78,64.4,9,0,0,confortavel
2025-03-04 05:30:00,sala_aula_302,23.36,68.9,0,0,0,confortavel
2025-03-04 05:45:00,sala_aula_302,23.01,71.8,0,0,0,confortavel
2025-03-04 06:00:00,sala_aula_302,24.81,65,9,0,0,confortavel
2025-03-04 06:15:00,sala_aula_302,24.56,64.9,20,0,0,confortavel
2025-03-04 06:30:00,sala_aula_302,23.87,66.1,0,0,0,confortavel
2025-03-04 06:45:00,sala_aula_302,25.4,64.6,32,0,0,confortavel
2025-03-04 07:00:00,sala_aula_302,25.91,64.3,130,0,0,quente
2025-03-04 07:15:00,sala_aula_302,27.04,61.6,61,0,0,quente
2025-03-04 07:30:00,sala_aula_302,25.87,60,99,0,0,confortavel
2025-03-04 07:45:00,sala_aula_302,25.49,66.6,139,0,0,quente
2025-03-04 08:00:00,sala_aula_302,26.73,59.2,418,1,10,quente
2025-03-04 08:15:00,sala_aula_302,26.15,56.6,425,1,12,confortavel
2025-03-04 08:30:00,sala_aula_302,27.47,54.1,448,1,10,quente
2025-03-04 08:45:00,sala_aula_302,27.65,59.4,393,1,16,quente
2025-03-04 09:00:00,sala_aula_302,27.77,57,555,1,10,quente
2025-03-04 09:15:00,sala_aula_302,27.7,54.7,513,1,13,quente
2025-03-04 09:30:00,sala_aula_302,28.42,60.5,526,1,16,quente
2025-03-04 09:45:00,sala_aula_302,28.61,55.4,530,1,16,quente
2025-03-04 10:00:00,sala_aula_302,29.3,52.8,593,1,14,quente
2025-03-04 10:15:00,sala_aula_302,30.02,56.7,569,1,20,quente
2025-03-04 10:30:00,sala_aula_302,29.13,54.6,556,1,11,quente
2025-03-04 10:45:00,sala_aula_302,28.24,55.1,544,1,8,quente
2025-03-04 11:00:00,sala_aula_302,29.23,54,628,1,15,quente
2025-03-04 11:15:00,sala_aula_302,28.93,51.8,611,1,15,quente
2025-03-04 11:30:00,sala_aula_302,30.1,54.9,579,1,11,quente
2025-03-04 11:45:00,sala_aula_302,29.33,58.7,623,1,12,quente
2025-03-04 12:00:00,sala_aula_302,30.35,54.1,646,1,14,quente
2025-03-04 12:15:00,sala_aula_302,29.34,56.6,669,1,13,quente
2025-03-04 12:30:00,sala_aula_302,29.63,52.8,586,1,10,quente
2025-03-04 12:45:00,sala_aula_302,30.18,52,649,1,12,quente
2025-03-04 13:00:00,sala_aula_302,29.28,56.8,604,1,15,quente
2025-03-04 13:15:00,sala_aula_302,29.52,55.4,620,1,12,quente
2025-03-04 13:30:00,sala_aula_302,29.9,51.5,610,1,13,quente
2025-03-04 13:45:00,sala_aula_302,28.92,56.6,593,1,11,quente
2025-03-04 14:00:00,sala_aula_302,28.91,54.1,577,1,9,quente
2025-03-04 14:15:00,sala_aula_302,27.96,55.9,596,1,9,quente
2025-03-04 14:30:00,sala_aula_302,28.96,56.8,597,1,14,quente
2025-03-04 14:45:00,sala_aula_302,27.35,56.8,571,1,5,quente
2025-03-04 15:00:00,sala_aula_302,28.71,52.1,525,1,13,quente
2025-03-04 15:15:00,sala_aula_302,28.75,53.4,508,1,14,quente
2025-03-04 15:30:00,sala_aula_302,27.71,59.7,483,1,11,quente
2025-03-04 15:45:00,sala_aula_302,28.44,56.7,488,1,17,quente
2025-03-04 16:00:00,sala_aula_302,26.83,60.2,408,1,12,quente
2025-03-04 16:15:00,sala_aula_302,27.53,57,463,1,11,quente
2025-03-04 16:30:00,sala_aula_302,27.06,59.4,437,1,11,confortavel
2025-03-04 16:45:00,sala_aula_302,26.95,59.1,409,1,13,quente
2025-03-04 17:00:00,sala_aula_302,25.47,60.2,328,1,8,confortavel
2025-03-04 17:15:00,sala_aula_302,25.84,58.3,362,1,13,quente
2025-03-04 17:30:00,sala_aula_302,24.71,61.2,353,1,9,confortavel
2025-03-04 17:45:00,sala_aula_302,25.34,58.2,332,1,14,confortavel
2025-03-04 18:00:00,sala_aula_302,26.81,64.8,264,0,12,quente
2025-03-04 18:15:00,sala_aula_302,26.84,61.5,215,0,16,quente
2025-03-04 18:30:00,sala_aula_302,26.39,63.9,229,0,11,quente
2025-03-04 18:45:00,sala_aula_302,26.14,67.4,265,0,9,quente
2025-03-04 19:00:00,sala_aula_302,23.03,70.5,3,0,0,confortavel
2025-03-04 19:15:00,sala_aula_302,23.87,64.6,0,0,0,confortavel
2025-03-04 19:30:00,sala_aula_302,23.42,66.5,38,0,0,confortavel
2025-03-04 19:45:00,sala_aula_302,23.13,67.3,0,0,0,confortavel
2025-03-04 20:00:00,sala_aula_302,22.68,67,18,0,0,confortavel
2025-03-04 20:15:00,sala_aula_302,22.08,69.7,12,0,0,confortavel
2025-03-04 20:30:00,sala_aula_302,22.64,69.3,37,0,0,confortavel
2025-03-04 20:45:00,sala_aula_302,22.35,69.7,0,0,0,confortavel
2025-03-04 21:00:00,sala_aula_302,21.12,66.5,0,0,0,confortavel
2025-03-04 21:15:00,sala_aula_302,21.42,68.3,8,0,0,confortavel
2025-03-04 21:30:00,sala_aula_302,20.35,74.4,23,0,0,confortavel
2025-03-04 21:45:00,sala_aula_302,20.76,73.7,0,0,0,confortavel
2025-03-04 22:00:00,sala_aula_302,19.51,74.1,0,0,0,frio
2025-03-04 22:15:00,sala_aula_302,20.61,70.9,14,0,0,confortavel
2025-03-04 22:30:00,sala_aula_302,20.15,74.7,0,0,0,confortavel
2025-03-04 22:45:00,sala_aula_302,20.57,69.7,0,0,0,frio
2025-03-04 23:00:00,sala_aula_302,18.99,73.4,25,0,0,frio
2025-03-04 23:15:00,sala_aula_302,18.77,70.8,13,0,0,frio
2025-03-04 23:30:00,sala_aula_302,18.89,73.2,26,0,0,frio
2025-03-04 23:45:00,sala_aula_302,19.51,74,4,0,0,frio
2025-03-05 00:00:00,sala_aula_302,18.79,71.2,9,0,0,frio
2025-03-05 00:15:00,sala_aula_302,19.4,75.1,9,0,0,frio
2025-03-05 00:30:00,sala_aula_302,19.89,71.5,32,0,0,confortavel
2025-03-05 00:45:00,sala_aula_302,19.49,76.1,15,0,0,frio
2025-03-05 01:00:00,sala_aula_302,19.94,69.1,0,0,0,frio
2025-03-05 01:15:00,sala_aula_302,19.27,72.9,0,0,0,frio
2025-03-05 01:30:00,sala_aula_302,18.18,75.9,19,0,0,frio
2025-03-05 01:45:00,sala_aula_302,19.47,73.9,31,0,0,frio
2025-03-05 02:00:00,sala_aula_302,20.37,69.7,0,0,0,frio
2025-03-05 02:15:00,sala_aula_302,19.41,69.4,15,0,0,frio
2025-03-05 02:30:00,sala_aula_302,19.85,73,13,0,0,confortavel
2025-03-05 02:45:00,sala_aula_302,19.72,69.8,7,0,0,frio
2025-03-05 03:00:00,sala_aula_302,20.96,72.9,24,0,0,confortavel
2025-03-05 03:15:00,sala_aula_302,20.36,70.3,0,0,0,confortavel
2025-03-05 03:30:00,sala_aula_302,21.11,67.6,25,0,0,confortavel
2025-03-05 03:45:00,sala_aula_302,19.98,76.8,24,0,0,confortavel
2025-03-05 04:00:00,sala_aula_302,21.83,71.8,4,0,0,confortavel
2025-03-05 04:15:00,sala_aula_302,21.67,68.6,22,0,0,confortavel
2025-03-05 04:30:00,sala_aula_302,21.08,72.2,39,0,0,confortavel
2025-03-05 04:45:00,sala_aula_302,22.25,72.4,41,0,0,confortavel
2025-03-05 05:00:00,sala_aula_302,23.67,67.9,0,0,0,confortavel
2025-03-05 05:15:00,sala_aula_302,23.01,65.1,2,0,0,confortavel
2025-03-05 05:30:00,sala_aula_302,23.59,66.7,0,0,0,confortavel
2025-03-05 05:45:00,sala_aula_302,22.54,70,0,0,0,confortavel
2025-03-05 06:00:00,sala_aula_302,25.5,61.7,22,0,0,confortavel
2025-03-05 06:15:00,sala_aula_302,24.68,68,0,0,0,quente
2025-03-05 06:30:00,sala_aula_302,24.44,63.4,0,0,0,confortavel
2025-03-05 06:45:00,sala_aula_302,24.69,69.5,10,0,0,confortavel
2025-03-05 07:00:00,sala_aula_302,25.49,63.6,92,0,0,quente
2025-03-05 07:15:00,sala_aula_302,25.8,65.4,114,0,0,quente
2025-03-05 07:30:00,sala_aula_302,26.49,63.8,91,0,0,confortavel
2025-03-05 07:45:00,sala_aula_302,26.12,64.7,82,0,0,confortavel
2025-03-05 08:00:00,sala_aula_302,27.23,57.4,424,1,14,quente
2025-03-05 08:15:00,sala_aula_302,26.52,59.8,459,1,11,confortavel
2025-03-05 08:30:00,sala_aula_302,26.94,59.7,485,1,10,quente
2025-03-05 08:45:00,sala_aula_302,27.07,54.8,483,1,10,quente
2025-03-05 09:00:00,sala_aula_302,27.52,57.2,489,1,13,quente
2025-03-05 09:15:00,sala_aula_302,27.75,57.8,544,1,12,quente
2025-03-05 09:30:00,sala_aula_302,27.47,60,510,1,11,quente
2025-03-05 09:45:00,sala_aula_302,26.44,59,545,1,5,quente
2025-03-05 10:00:00,sala_aula_302,29.15,50.5,549,1,11,quente
2025-03-05 10:15:00,sala_aula_302,29.01,52.9,603,1,14,quente
2025-03-05 10:30:00,sala_aula_302,28.71,55.5,586,1,12,quente
2025-03-05 10:45:00,sala_aula_302,29.28,56.8,543,1,15,quente
2025-03-05 11:00:00,sala_aula_302,29.5,57.9,567,1,10,quente
2025-03-05 11:15:00,sala_aula_302,29.81,55.3,615,1,14,quente
2025-03-05 11:30:00,sala_aula_302,29.5,59.2,639,1,11,quente
2025-03-05 11:45:00,sala_aula_302,28.43,54.4,668,1,12,quente
2025-03-05 12:00:00,sala_aula_302,29.96,57.7,654,1,9,quente
2025-03-05 12:15:00,sala_aula_302,29.42,53.1,642,1,12,quente
2025-03-05 12:30:00,sala_aula_302,29.85,58.4,619,1,14,quente
2025-03-05 12:45:00,sala_aula_302,30.58,55,648,1,14,quente
2025-03-05 13:00:00,sala_aula_302,28.79,55.9,629,1,6,quente
2025-03-05 13:15:00,sala_aula_302,29.76,53.4,636,1,10,quente
2025-03-05 13:30:00,sala_aula_302,29.22,55.6,612,1,9,quente
2025-03-05 13:45:00,sala_aula_302,30.03,54.1,619,1,12,quente
2025-03-05 14:00:00,sala_aula_302,29.2,57.1,569,1,13,quente
2025-03-05 14:15:00,sala_aula_302,29,56.7,534,1,13,quente
2025-03-05 14:30:00,sala_aula_302,28.86,56.4,595,1,12,quente
2025-03-05 14:45:00,sala_aula_302,28.91,56.5,605,1,12,quente
2025-03-05 15:00:00,sala_aula_302,28.07,59.8,503,1,15,quente
2025-03-05 15:15:00,sala_aula_302,27.79,58.6,514,1,10,quente
2025-03-05 15:30:00,sala_aula_302,27.43,56.7,494,1,7,quente
2025-03-05 15:45:00,sala_aula_302,27.95,60.1,457,1,11,quente
2025-03-05 16:00:00,sala_aula_302,26.45,55.4,372,1,4,quente
2025-03-05 16:15:00,sala_aula_302,27.45,61.7,439,1,16,quente
2025-03-05 16:30:00,sala_aula_302,26.27,59.7,433,1,6,confortavel
2025-03-05 16:45:00,sala_aula_302,26.92,54.3,461,1,12,confortavel
2025-03-05 17:00:00,sala_aula_302,26.66,55.7,355,1,15,confortavel
2025-03-05 17:15:00,sala_aula_302,25.17,57,344,1,11,confortavel
2025-03-05 17:30:00,sala_aula_302,24.87,59,332,1,8,confortavel
2025-03-05 17:45:00,sala_aula_302,25.01,63.7,318,1,9,confortavel
2025-03-05 18:00:00,sala_aula_302,26.31,66,275,0,14,quente
2025-03-05 18:15:00,sala_aula_302,27.67,62.9,277,0,16,quente
2025-03-05 18:30:00,sala_aula_302,26.23,66.4,230,0,16,confortavel
2025-03-05 18:45:00,sala_aula_302,26.09,66.5,226,0,12,quente
2025-03-05 19:00:00,sala_aula_302,23.11,64.5,4,0,0,confortavel
2025-03-05 19:15:00,sala_aula_302,23.54,65.6,0,0,0,confortavel
2025-03-05 19:30:00,sala_aula_302,23.07,66.5,0,0,0,confortavel
2025-03-05 19:45:00,sala_aula_302,23.34,62.4,14,0,0,confortavel
2025-03-05 20:00:00,sala_aula_302,22.22,70.7,0,0,0,confortavel
2025-03-05 20:15:00,sala_aula_302,21.89,72.1,16,0,0,confortavel
2025-03-05 20:30:00,sala_aula_302,22.19,69.7,0,0,0,confortavel
2025-03-05 20:45:00,sala_aula_302,21.6,70.7,35,0,0,confortavel
2025-03-05 21:00:00,sala_aula_302,20.24,74.9,0,0,0,confortavel
2025-03-05 21:15:00,sala_aula_302,21.06,69.8,0,0,0,confortavel
2025-03-05 21:30:00,sala_aula_302,20.6,74.2,0,0,0,confortavel
2025-03-05 21:45:00,sala_aula_302,20.91,71.5,1,0,0,confortavel
2025-03-05 22:00:00,sala_aula_302,20.19,73.7,83,0,0,confortavel
2025-03-05 22:15:00,sala_aula_302,20.2,73.6,15,0,0,confortavel
2025-03-05 22:30:00,sala_aula_302,20.19,71.2,3,0,0,confortavel
2025-03-05 22:45:00,sala_aula_302,19.64,73.2,26,0,0,confortavel
2025-03-05 23:00:00,sala_aula_302,19.3,69.5,12,0,0,frio
2025-03-05 23:15:00,sala_aula_302,19.13,74.7,12,0,0,frio
2025-03-05 23:30:00,sala_aula_302,18.81,69.2,0,0,0,frio
2025-03-05 23:45:00,sala_aula_302,19.69,68.4,11,0,0,frio
