timestamp,hora,dia_semana,fim_de_semana,feriado,temperatura_externa_c,umidade_externa_pct,ocupacao_predio,tarifa_ponta,consumo_kwh
2025-03-01 00:00:00,0,sabado,1,0,22.2,77.3,0,0,12.32
2025-03-01 01:00:00,1,sabado,1,0,20.5,80,0,0,11.82
2025-03-01 02:00:00,2,sabado,1,0,20,94.8,0,0,8.21
2025-03-01 03:00:00,3,sabado,1,0,19.7,88.4,0,0,16.57
2025-03-01 04:00:00,4,sabado,1,0,20.3,84.7,0,0,18.95
2025-03-01 05:00:00,5,sabado,1,0,21,89.1,0,0,12.34
2025-03-01 06:00:00,6,sabado,1,0,20.8,87.7,0,0,17.86
2025-03-01 07:00:00,7,sabado,1,0,24.3,75.6,0,0,14.92
2025-03-01 08:00:00,8,sabado,1,0,24.8,73.8,0,0,15.1
2025-03-01 09:00:00,9,sabado,1,0,25.5,77,16,0,20.94
2025-03-01 10:00:00,10,sabado,1,0,27,71.8,20,0,29.53
2025-03-01 11:00:00,11,sabado,1,0,30.6,65.3,23,0,38.31
2025-03-01 12:00:00,12,sabado,1,0,30.4,63,12,0,32.4
2025-03-01 13:00:00,13,sabado,1,0,30.6,62.3,19,0,34.17
2025-03-01 14:00:00,14,sabado,1,0,30.5,63.1,26,0,37.3
2025-03-01 15:00:00,15,sabado,1,0,31.1,58.7,18,0,33.2
2025-03-01 16:00:00,16,sabado,1,0,31.4,57.5,0,0,32
2025-03-01 17:00:00,17,sabado,1,0,32.1,54.7,0,0,30.24
2025-03-01 18:00:00,18,sabado,1,0,29.3,62.2,0,0,22.06
2025-03-01 19:00:00,19,sabado,1,0,29,68.2,0,0,24.02
2025-03-01 20:00:00,20,sabado,1,0,27.6,70.8,0,0,22.37
2025-03-01 21:00:00,21,sabado,1,0,24.1,73.1,0,0,15.01
2025-03-01 22:00:00,22,sabado,1,0,24.2,78.3,0,0,18.08
2025-03-01 23:00:00,23,sabado,1,0,23.2,79.8,0,0,12.53
2025-03-02 00:00:00,0,domingo,1,0,22.4,81.3,0,0,14.16
2025-03-02 01:00:00,1,domingo,1,0,22.2,81.3,0,0,11.24
2025-03-02 02:00:00,2,domingo,1,0,21.9,82.4,0,0,14.16
2025-03-02 03:00:00,3,domingo,1,0,20.1,88,0,0,14.29
2025-03-02 04:00:00,4,domingo,1,0,21.6,81.8,0,0,14.55
2025-03-02 05:00:00,5,domingo,1,0,21.6,80.6,0,0,12.29
2025-03-02 06:00:00,6,domingo,1,0,23.7,77.3,0,0,14.19
2025-03-02 07:00:00,7,domingo,1,0,23.8,87.4,0,0,11.22
2025-03-02 08:00:00,8,domingo,1,0,24.2,73.2,0,0,16.5
2025-03-02 09:00:00,9,domingo,1,0,26.7,63.2,16,0,29.48
2025-03-02 10:00:00,10,domingo,1,0,27.7,64.6,26,0,31.42
2025-03-02 11:00:00,11,domingo,1,0,29.6,59.7,23,0,30.19
2025-03-02 12:00:00,12,domingo,1,0,29.8,64.5,15,0,34.66
2025-03-02 13:00:00,13,domingo,1,0,28.6,74.9,20,0,30.21
2025-03-02 14:00:00,14,domingo,1,0,30.7,58.6,19,0,36.82
2025-03-02 15:00:00,15,domingo,1,0,32.2,56.9,9,0,34.48
2025-03-02 16:00:00,16,domingo,1,0,31.9,58.8,0,0,28.86
2025-03-02 17:00:00,17,domingo,1,0,30.6,57.7,0,0,28.19
2025-03-02 18:00:00,18,domingo,1,0,30.5,65.9,0,0,24.66
2025-03-02 19:00:00,19,domingo,1,0,29.2,67.6,0,0,20.06
2025-03-02 20:00:00,20,domingo,1,0,28.8,62.2,0,0,20.91
2025-03-02 21:00:00,21,domingo,1,0,27.6,64.8,0,0,24.05
2025-03-02 22:00:00,22,domingo,1,0,23.8,77.9,0,0,18.33
2025-03-02 23:00:00,23,domingo,1,0,25.3,80.4,0,0,15.67
2025-03-03 00:00:00,0,segunda,0,0,23.5,81.4,0,0,11.27
2025-03-03 01:00:00,1,segunda,0,0,22.6,87.6,0,0,15.78
2025-03-03 02:00:00,2,segunda,0,0,23,73.6,0,0,12.02
2025-03-03 03:00:00,3,segunda,0,0,19.5,83.7,0,0,10.47
2025-03-03 04:00:00,4,segunda,0,0,22.5,79.7,0,0,16.37
2025-03-03 05:00:00,5,segunda,0,0,22.4,79.3,0,0,12.87
2025-03-03 06:00:00,6,segunda,0,0,23.1,81,0,0,13.63
2025-03-03 07:00:00,7,segunda,0,0,24.4,81.4,5,0,17.81
2025-03-03 08:00:00,8,segunda,0,0,25.7,78.2,38,0,33.17
2025-03-03 09:00:00,9,segunda,0,0,25.3,77.3,53,0,35.14
2025-03-03 10:00:00,10,segunda,0,0,28.5,68.3,64,0,47.99
2025-03-03 11:00:00,11,segunda,0,0,29.5,63.1,79,0,57.77
2025-03-03 12:00:00,12,segunda,0,0,31,59,94,0,67.95
2025-03-03 13:00:00,13,segunda,0,0,32.6,55.8,87,0,63.05
2025-03-03 14:00:00,14,segunda,0,0,30.7,67.4,96,0,69.31
2025-03-03 15:00:00,15,segunda,0,0,33.6,57,88,0,69.63
2025-03-03 16:00:00,16,segunda,0,0,32.3,63,82,0,62.25
2025-03-03 17:00:00,17,segunda,0,0,31.6,62,69,0,55.94
2025-03-03 18:00:00,18,segunda,0,0,31.2,60.8,49,1,51.34
2025-03-03 19:00:00,19,segunda,0,0,30.1,73.4,38,1,41.9
2025-03-03 20:00:00,20,segunda,0,0,28.4,70.1,20,1,30.47
2025-03-03 21:00:00,21,segunda,0,0,27.1,69.7,0,0,22.86
2025-03-03 22:00:00,22,segunda,0,0,25.6,79.6,0,0,15.12
2025-03-03 23:00:00,23,segunda,0,0,23.5,75.7,0,0,12.34
2025-03-04 00:00:00,0,terca,0,0,24.2,78.4,0,0,19.45
2025-03-04 01:00:00,1,terca,0,0,21.3,87.3,0,0,17.67
2025-03-04 02:00:00,2,terca,0,0,21.2,87,0,0,14.91
2025-03-04 03:00:00,3,terca,0,0,21.5,82.6,0,0,15.39
2025-03-04 04:00:00,4,terca,0,0,22.3,83.1,0,0,11.14
2025-03-04 05:00:00,5,terca,0,0,21.8,84.2,0,0,12.28
2025-03-04 06:00:00,6,terca,0,0,22.1,77.3,0,0,14.41
2025-03-04 07:00:00,7,terca,0,0,24.1,72.7,20,0,20.51
2025-03-04 08:00:00,8,terca,0,0,25.3,77.9,34,0,28.53
2025-03-04 09:00:00,9,terca,0,0,26.8,78.1,55,0,40.31
2025-03-04 10:00:00,10,terca,0,0,29,69.5,65,0,49.41
2025-03-04 11:00:00,11,terca,0,0,30,67.6,67,0,52
2025-03-04 12:00:00,12,terca,0,0,30.2,60.5,75,0,59.45
2025-03-04 13:00:00,13,terca,0,0,32.3,58.9,88,0,63.14
2025-03-04 14:00:00,14,terca,0,0,32.3,56.6,92,0,71.33
2025-03-04 15:00:00,15,terca,0,0,32.3,53.9,68,0,57.73
2025-03-04 16:00:00,16,terca,0,0,32,63.7,68,0,57.15
2025-03-04 17:00:00,17,terca,0,0,31.1,62.6,75,0,58.78
2025-03-04 18:00:00,18,terca,0,0,31.5,60.8,70,1,56.44
2025-03-04 19:00:00,19,terca,0,0,30.8,70.1,38,1,43.13
2025-03-04 20:00:00,20,terca,0,0,28.3,64.3,32,1,32.13
2025-03-04 21:00:00,21,terca,0,0,28.1,68.3,0,0,26.28
2025-03-04 22:00:00,22,terca,0,0,25.8,73.9,0,0,17.38
2025-03-04 23:00:00,23,terca,0,0,24.4,68.4,0,0,13.76
2025-03-05 00:00:00,0,quarta,0,0,22.8,82.3,0,0,13.9
2025-03-05 01:00:00,1,quarta,0,0,22.7,68.2,0,0,15.26
2025-03-05 02:00:00,2,quarta,0,0,21.9,73.4,0,0,15.05
2025-03-05 03:00:00,3,quarta,0,0,22.2,90.1,0,0,15.68
2025-03-05 04:00:00,4,quarta,0,0,21,85.7,0,0,13.88
2025-03-05 05:00:00,5,quarta,0,0,23.7,81.6,0,0,12.59
2025-03-05 06:00:00,6,quarta,0,0,23.4,82.8,0,0,15.03
2025-03-05 07:00:00,7,quarta,0,0,25.5,71.3,6,0,17.69
2025-03-05 08:00:00,8,quarta,0,0,26.5,70.6,36,0,31.52
2025-03-05 09:00:00,9,quarta,0,0,27.7,72.1,56,0,43.2
2025-03-05 10:00:00,10,quarta,0,0,29.5,72.8,80,0,55.59
2025-03-05 11:00:00,11,quarta,0,0,29.9,62.4,85,0,63.78
2025-03-05 12:00:00,12,quarta,0,0,32.2,57.6,82,0,65.43
2025-03-05 13:00:00,13,quarta,0,0,32.4,60.6,102,0,71.92
2025-03-05 14:00:00,14,quarta,0,0,33.4,50.1,76,0,68.58
2025-03-05 15:00:00,15,quarta,0,0,33.3,56.4,81,0,67.06
2025-03-05 16:00:00,16,quarta,0,0,31,64.2,82,0,60.12
2025-03-05 17:00:00,17,quarta,0,0,30.3,63.6,71,0,52.42
2025-03-05 18:00:00,18,quarta,0,0,31.5,74.4,62,1,52.38
2025-03-05 19:00:00,19,quarta,0,0,30.7,59.4,52,1,45.69
2025-03-05 20:00:00,20,quarta,0,0,28.6,63.2,24,1,29.02
2025-03-05 21:00:00,21,quarta,0,0,27,74.3,0,0,17.84
2025-03-05 22:00:00,22,quarta,0,0,25.7,78.9,0,0,19.26
2025-03-05 23:00:00,23,quarta,0,0,25.8,71,0,0,23.81
2025-03-06 00:00:00,0,quinta,0,0,22.3,92.4,0,0,10.9
2025-03-06 01:00:00,1,quinta,0,0,22.7,78.5,0,0,15.75
2025-03-06 02:00:00,2,quinta,0,0,23.9,76,0,0,14.44
2025-03-06 03:00:00,3,quinta,0,0,21.9,92.4,0,0,18.68
2025-03-06 04:00:00,4,quinta,0,0,22,83.1,0,0,15.49
2025-03-06 05:00:00,5,quinta,0,0,22.1,82.1,0,0,15.04
2025-03-06 06:00:00,6,quinta,0,0,23.5,82.3,0,0,15.35
2025-03-06 07:00:00,7,quinta,0,0,26.2,68.8,14,0,22.47
2025-03-06 08:00:00,8,quinta,0,0,25.8,82.9,37,0,33.56
2025-03-06 09:00:00,9,quinta,0,0,26.9,76.3,47,0,40.17
2025-03-06 10:00:00,10,quinta,0,0,27.6,74.1,64,0,43.97
2025-03-06 11:00:00,11,quinta,0,0,29.9,57.5,73,0,57.63
2025-03-06 12:00:00,12,quinta,0,0,31.9,57.3,83,0,60.54
2025-03-06 13:00:00,13,quinta,0,0,32,59,93,0,67.52
2025-03-06 14:00:00,14,quinta,0,0,33.6,52.3,81,0,66.54
2025-03-06 15:00:00,15,quinta,0,0,33.5,50.8,87,0,69.89
2025-03-06 16:00:00,16,quinta,0,0,32.4,66.7,76,0,61.94
2025-03-06 17:00:00,17,quinta,0,0,32.3,49.7,56,0,53.71
2025-03-06 18:00:00,18,quinta,0,0,30,64.9,51,1,45.01
2025-03-06 19:00:00,19,quinta,0,0,29.1,75.1,34,1,36.1
2025-03-06 20:00:00,20,quinta,0,0,30.5,61.8,24,1,37.19
2025-03-06 21:00:00,21,quinta,0,0,28.7,67.7,0,0,21.66
2025-03-06 22:00:00,22,quinta,0,0,26.7,68.8,0,0,20.53
2025-03-06 23:00:00,23,quinta,0,0,25.7,79.2,0,0,19.04
2025-03-07 00:00:00,0,sexta,0,0,24.8,76.2,0,0,16.26
2025-03-07 01:00:00,1,sexta,0,0,24.2,80.2,0,0,18.61
2025-03-07 02:00:00,2,sexta,0,0,24,73.8,0,0,14.23
2025-03-07 03:00:00,3,sexta,0,0,22.3,78.4,0,0,15.22
2025-03-07 04:00:00,4,sexta,0,0,22.5,83.4,0,0,15.27
2025-03-07 05:00:00,5,sexta,0,0,23.9,80.5,0,0,13.96
2025-03-07 06:00:00,6,sexta,0,0,23.9,87.4,0,0,15.51
2025-03-07 07:00:00,7,sexta,0,0,24.2,80.2,11,0,23.1
2025-03-07 08:00:00,8,sexta,0,0,26.6,71.8,30,0,28.24
2025-03-07 09:00:00,9,sexta,0,0,27.4,72.4,54,0,43.04
2025-03-07 10:00:00,10,sexta,0,0,27.8,76.8,55,0,45.06
2025-03-07 11:00:00,11,sexta,0,0,30.4,64.8,68,0,52.83
2025-03-07 12:00:00,12,sexta,0,0,30.9,55.8,87,0,62.78
2025-03-07 13:00:00,13,sexta,0,0,33.4,52.7,86,0,68.51
2025-03-07 14:00:00,14,sexta,0,0,32.6,50.8,91,0,72.01
2025-03-07 15:00:00,15,sexta,0,0,33.3,56.6,101,0,72.29
2025-03-07 16:00:00,16,sexta,0,0,32.6,61.8,78,0,63.81
2025-03-07 17:00:00,17,sexta,0,0,31.2,57.2,65,0,56.34
2025-03-07 18:00:00,18,sexta,0,0,30.4,70.6,50,1,43.9
2025-03-07 19:00:00,19,sexta,0,0,30.1,66.1,32,1,39.5
2025-03-07 20:00:00,20,sexta,0,0,29.1,68.7,21,1,32.76
2025-03-07 21:00:00,21,sexta,0,0,28.3,63.8,0,0,19.96
2025-03-07 22:00:00,22,sexta,0,0,26.3,81,0,0,16.27
2025-03-07 23:00:00,23,sexta,0,0,24,83.1,0,0,14.58
2025-03-08 00:00:00,0,sabado,1,0,23.6,79.6,0,0,16.5
2025-03-08 01:00:00,1,sabado,1,0,24.4,78.3,0,0,13.7
2025-03-08 02:00:00,2,sabado,1,0,23.4,78.8,0,0,13.71
2025-03-08 03:00:00,3,sabado,1,0,22.1,87.6,0,0,13.7
2025-03-08 04:00:00,4,sabado,1,0,21.7,89,0,0,14.08
2025-03-08 05:00:00,5,sabado,1,0,21.7,81.7,0,0,17.87
2025-03-08 06:00:00,6,sabado,1,0,23.4,87.1,0,0,15.78
2025-03-08 07:00:00,7,sabado,1,0,24.9,82,0,0,16.98
2025-03-08 08:00:00,8,sabado,1,0,25.1,72.1,0,0,20.02
2025-03-08 09:00:00,9,sabado,1,0,28.5,67.1,29,0,33.42
2025-03-08 10:00:00,10,sabado,1,0,29.9,63.7,16,0,30.61
2025-03-08 11:00:00,11,sabado,1,0,30.2,71,20,0,34.52
2025-03-08 12:00:00,12,sabado,1,0,32.7,58.9,22,0,38.5
2025-03-08 13:00:00,13,sabado,1,0,32.3,52.3,32,0,41.35
2025-03-08 14:00:00,14,sabado,1,0,32.9,55.2,13,0,37.51
2025-03-08 15:00:00,15,sabado,1,0,33.1,55.3,15,0,38.77
2025-03-08 16:00:00,16,sabado,1,0,34.1,46.9,0,0,29.77
2025-03-08 17:00:00,17,sabado,1,0,33.3,55.6,0,0,31.34
2025-03-08 18:00:00,18,sabado,1,0,31.5,64.9,0,0,27
2025-03-08 19:00:00,19,sabado,1,0,30.9,67.6,0,0,27.34
2025-03-08 20:00:00,20,sabado,1,0,29.2,64.9,0,0,23.61
2025-03-08 21:00:00,21,sabado,1,0,26.8,67.4,0,0,21.8
2025-03-08 22:00:00,22,sabado,1,0,27.5,66.5,0,0,19.97
2025-03-08 23:00:00,23,sabado,1,0,24.2,80.6,0,0,13.87
2025-03-09 00:00:00,0,domingo,1,0,23.5,82.4,0,0,13.59
2025-03-09 01:00:00,1,domingo,1,0,22.7,93.9,0,0,9.79
2025-03-09 02:00:00,2,domingo,1,0,22,84.5,0,0,15.05
2025-03-09 03:00:00,3,domingo,1,0,22.4,80.1,0,0,13.47
2025-03-09 04:00:00,4,domingo,1,0,22.3,78.5,0,0,14.39
2025-03-09 05:00:00,5,domingo,1,0,24.3,84.5,0,0,16.76
2025-03-09 06:00:00,6,domingo,1,0,22.6,77.2,0,0,12.4
2025-03-09 07:00:00,7,domingo,1,0,26.1,76.5,0,0,17.39
2025-03-09 08:00:00,8,domingo,1,0,27.1,70.9,0,0,16.13
2025-03-09 09:00:00,9,domingo,1,0,27.7,70.8,26,0,29.65
2025-03-09 10:00:00,10,domingo,1,0,27.2,71,18,0,29.28
2025-03-09 11:00:00,11,domingo,1,0,29.9,60.5,16,0,28.05
2025-03-09 12:00:00,12,domingo,1,0,33.4,49.7,19,0,43.1
2025-03-09 13:00:00,13,domingo,1,0,33.5,65.4,18,0,39.94
2025-03-09 14:00:00,14,domingo,1,0,31.4,67,18,0,37.79
2025-03-09 15:00:00,15,domingo,1,0,32.2,57.8,11,0,34.59
2025-03-09 16:00:00,16,domingo,1,0,33.1,63.8,0,0,33.45
2025-03-09 17:00:00,17,domingo,1,0,33.1,67.9,0,0,32.58
2025-03-09 18:00:00,18,domingo,1,0,31.5,50.9,0,0,32.97
2025-03-09 19:00:00,19,domingo,1,0,30.8,59.7,0,0,26.33
2025-03-09 20:00:00,20,domingo,1,0,28.4,61.1,0,0,21.87
2025-03-09 21:00:00,21,domingo,1,0,28.7,60,0,0,22.82
2025-03-09 22:00:00,22,domingo,1,0,27.1,71.2,0,0,22.1
2025-03-09 23:00:00,23,domingo,1,0,25,74.5,0,0,15.55
2025-03-10 00:00:00,0,segunda,0,0,23.8,76.8,0,0,16.99
2025-03-10 01:00:00,1,segunda,0,0,21.5,92.4,0,0,15.94
2025-03-10 02:00:00,2,segunda,0,0,23,87.2,0,0,14.29
2025-03-10 03:00:00,3,segunda,0,0,21.6,81.8,0,0,10.71
2025-03-10 04:00:00,4,segunda,0,0,20.8,90.8,0,0,12.34
2025-03-10 05:00:00,5,segunda,0,0,22.7,81.7,0,0,11.98
2025-03-10 06:00:00,6,segunda,0,0,23.5,84.8,0,0,14.96
2025-03-10 07:00:00,7,segunda,0,0,24,74.5,23,0,26.75
2025-03-10 08:00:00,8,segunda,0,0,26.7,74.2,40,0,35.9
2025-03-10 09:00:00,9,segunda,0,0,27,81.2,58,0,41.82
2025-03-10 10:00:00,10,segunda,0,0,29.6,69,63,0,48.16
2025-03-10 11:00:00,11,segunda,0,0,30.4,66.4,76,0,62.59
2025-03-10 12:00:00,12,segunda,0,0,31.5,67,86,0,63.73
2025-03-10 13:00:00,13,segunda,0,0,30.9,66.8,91,0,65.61
2025-03-10 14:00:00,14,segunda,0,0,32.9,59.1,88,0,66.65
2025-03-10 15:00:00,15,segunda,0,0,33.9,49.8,68,0,62.82
2025-03-10 16:00:00,16,segunda,0,0,32.6,54.5,81,0,65.99
2025-03-10 17:00:00,17,segunda,0,0,33.2,54.5,77,0,64.52
2025-03-10 18:00:00,18,segunda,0,0,31.5,63.6,56,1,55.04
2025-03-10 19:00:00,19,segunda,0,0,30.2,67.1,36,1,43.09
2025-03-10 20:00:00,20,segunda,0,0,27.7,70.7,9,1,22.67
2025-03-10 21:00:00,21,segunda,0,0,28.4,73,0,0,18.92
2025-03-10 22:00:00,22,segunda,0,0,26.3,72.9,0,0,24.89
2025-03-10 23:00:00,23,segunda,0,0,25.2,77.3,0,0,15.45
2025-03-11 00:00:00,0,terca,0,0,21.9,86.1,0,0,17.2
2025-03-11 01:00:00,1,terca,0,0,21,85.8,0,0,11.57
2025-03-11 02:00:00,2,terca,0,0,21.5,85.1,0,0,15.42
2025-03-11 03:00:00,3,terca,0,0,21.1,86.6,0,0,14.1
2025-03-11 04:00:00,4,terca,0,0,22,85.3,0,0,12.61
2025-03-11 05:00:00,5,terca,0,0,21.6,81.9,0,0,9.67
2025-03-11 06:00:00,6,terca,0,0,21.7,79.5,0,0,12.93
2025-03-11 07:00:00,7,terca,0,0,25.5,78.1,18,0,21.16
2025-03-11 08:00:00,8,terca,0,0,25.3,75.2,42,0,32.69
2025-03-11 09:00:00,9,terca,0,0,25.7,81.3,43,0,33.03
2025-03-11 10:00:00,10,terca,0,0,28.5,65.9,63,0,52.56
2025-03-11 11:00:00,11,terca,0,0,30.6,71,71,0,61.15
2025-03-11 12:00:00,12,terca,0,0,31,68.9,97,0,66.07
2025-03-11 13:00:00,13,terca,0,0,31.3,60,86,0,66.31
2025-03-11 14:00:00,14,terca,0,0,32.2,55.4,94,0,69.27
2025-03-11 15:00:00,15,terca,0,0,32.3,57.2,83,0,62.9
2025-03-11 16:00:00,16,terca,0,0,32.5,58.4,85,0,65.05
2025-03-11 17:00:00,17,terca,0,0,33.2,59.3,83,0,64.59
2025-03-11 18:00:00,18,terca,0,0,30.9,59.6,43,1,47.72
2025-03-11 19:00:00,19,terca,0,0,29.1,68.4,31,1,41.5
2025-03-11 20:00:00,20,terca,0,0,26.7,69.7,12,1,24.17
2025-03-11 21:00:00,21,terca,0,0,27.1,66.7,0,0,18.13
2025-03-11 22:00:00,22,terca,0,0,26.2,78.1,0,0,15.34
2025-03-11 23:00:00,23,terca,0,0,24.6,77.4,0,0,15.75
2025-03-12 00:00:00,0,quarta,0,0,22.7,77.4,0,0,11.5
2025-03-12 01:00:00,1,quarta,0,0,21.8,83.4,0,0,14.16
2025-03-12 02:00:00,2,quarta,0,0,21.5,88.6,0,0,16.75
2025-03-12 03:00:00,3,quarta,0,0,22,85,0,0,15.09
2025-03-12 04:00:00,4,quarta,0,0,21.4,86.8,0,0,12.11
2025-03-12 05:00:00,5,quarta,0,0,20.6,84.6,0,0,12.85
2025-03-12 06:00:00,6,quarta,0,0,22.3,86,0,0,14.95
2025-03-12 07:00:00,7,quarta,0,0,23.7,73.9,22,0,23.76
2025-03-12 08:00:00,8,quarta,0,0,25.1,74,37,0,36.59
2025-03-12 09:00:00,9,quarta,0,0,26.1,76.7,67,0,43.18
2025-03-12 10:00:00,10,quarta,0,0,28.1,69.5,45,0,44.49
2025-03-12 11:00:00,11,quarta,0,0,28.3,73.3,75,0,51.83
2025-03-12 12:00:00,12,quarta,0,0,28.9,65.8,85,0,59.96
2025-03-12 13:00:00,13,quarta,0,0,30.6,62.3,98,0,68.18
2025-03-12 14:00:00,14,quarta,0,0,31.4,55.7,95,0,67.67
2025-03-12 15:00:00,15,quarta,0,0,31.7,58.9,73,0,56.24
2025-03-12 16:00:00,16,quarta,0,0,32.4,46.5,83,0,65.38
2025-03-12 17:00:00,17,quarta,0,0,31.2,65.1,64,0,57.31
2025-03-12 18:00:00,18,quarta,0,0,30.9,56.9,51,1,47.6
2025-03-12 19:00:00,19,quarta,0,0,31.2,61.2,41,1,44.78
2025-03-12 20:00:00,20,quarta,0,0,28.9,72.9,14,1,24.85
2025-03-12 21:00:00,21,quarta,0,0,25.9,77.5,0,0,14.42
2025-03-12 22:00:00,22,quarta,0,0,26,75.4,0,0,17.54
2025-03-12 23:00:00,23,quarta,0,0,23.3,73.7,0,0,13.59
2025-03-13 00:00:00,0,quinta,0,0,23.4,80.3,0,0,17.26
2025-03-13 01:00:00,1,quinta,0,0,21.7,80.9,0,0,13.75
2025-03-13 02:00:00,2,quinta,0,0,20.7,82.9,0,0,14.36
2025-03-13 03:00:00,3,quinta,0,0,21.4,86.5,0,0,14.9
2025-03-13 04:00:00,4,quinta,0,0,20.3,89.4,0,0,11.68
2025-03-13 05:00:00,5,quinta,0,0,21.1,87,0,0,11.93
2025-03-13 06:00:00,6,quinta,0,0,23.4,78.8,0,0,13.58
2025-03-13 07:00:00,7,quinta,0,0,23.5,78.7,27,0,27.08
2025-03-13 08:00:00,8,quinta,0,0,25.9,70.6,32,0,29.76
2025-03-13 09:00:00,9,quinta,0,0,24.5,82.9,49,0,32.57
2025-03-13 10:00:00,10,quinta,0,0,28,70.6,72,0,51.83
2025-03-13 11:00:00,11,quinta,0,0,29.2,74.3,70,0,50.12
2025-03-13 12:00:00,12,quinta,0,0,30.5,58,92,0,61.47
2025-03-13 13:00:00,13,quinta,0,0,31.5,57.8,84,0,65.21
2025-03-13 14:00:00,14,quinta,0,0,31.8,60.5,92,0,66.13
2025-03-13 15:00:00,15,quinta,0,0,30.7,68.2,102,0,70.55
2025-03-13 16:00:00,16,quinta,0,0,31.3,61.9,84,0,60.88
2025-03-13 17:00:00,17,quinta,0,0,31.7,54.3,68,0,56.36
2025-03-13 18:00:00,18,quinta,0,0,30.1,61.3,49,1,44.62
2025-03-13 19:00:00,19,quinta,0,0,29,74.7,36,1,37.48
2025-03-13 20:00:00,20,quinta,0,0,27,63.8,11,1,22.49
2025-03-13 21:00:00,21,quinta,0,0,26.8,70.6,0,0,16.4
2025-03-13 22:00:00,22,quinta,0,0,24.7,72.1,0,0,14.14
2025-03-13 23:00:00,23,quinta,0,0,22.8,83.3,0,0,13.24
2025-03-14 00:00:00,0,sexta,0,0,21.2,87.3,0,0,13.65
2025-03-14 01:00:00,1,sexta,0,0,19.1,90.3,0,0,16.89
2025-03-14 02:00:00,2,sexta,0,0,20.6,87.1,0,0,15.67
2025-03-14 03:00:00,3,sexta,0,0,21.2,81.8,0,0,16.1
2025-03-14 04:00:00,4,sexta,0,0,21.1,78.6,0,0,15.79
2025-03-14 05:00:00,5,sexta,0,0,19.1,93.3,0,0,11.81
2025-03-14 06:00:00,6,sexta,0,0,23.3,84.3,0,0,19.3
2025-03-14 07:00:00,7,sexta,0,0,23.1,70.1,11,0,18.33
2025-03-14 08:00:00,8,sexta,0,0,24.6,76.1,30,0,28.41
2025-03-14 09:00:00,9,sexta,0,0,25.6,80.9,46,0,37.31
2025-03-14 10:00:00,10,sexta,0,0,27.8,70.8,77,0,54.96
2025-03-14 11:00:00,11,sexta,0,0,27.8,70.2,85,0,58.29
2025-03-14 12:00:00,12,sexta,0,0,30.1,59.1,83,0,59.39
2025-03-14 13:00:00,13,sexta,0,0,30.7,62.6,102,0,70.23
2025-03-14 14:00:00,14,sexta,0,0,28.9,62.2,96,0,61.21
2025-03-14 15:00:00,15,sexta,0,0,31,64,84,0,64.33
2025-03-14 16:00:00,16,sexta,0,0,31.1,61.3,78,0,64.08
2025-03-14 17:00:00,17,sexta,0,0,30,60.5,69,0,55.33
2025-03-14 18:00:00,18,sexta,0,0,30,67.9,61,1,49.41
2025-03-14 19:00:00,19,sexta,0,0,28.8,66.9,31,1,38.73
2025-03-14 20:00:00,20,sexta,0,0,27.8,67.8,28,1,35.52
2025-03-14 21:00:00,21,sexta,0,0,27.1,66.2,0,0,22.41
2025-03-14 22:00:00,22,sexta,0,0,25.4,78.2,0,0,17.73
2025-03-14 23:00:00,23,sexta,0,0,22,83.6,0,0,12.84
2025-03-15 00:00:00,0,sabado,1,0,21.3,85.5,0,0,13.99
2025-03-15 01:00:00,1,sabado,1,0,22.6,83.8,0,0,17.93
2025-03-15 02:00:00,2,sabado,1,0,19.5,88.4,0,0,13.09
2025-03-15 03:00:00,3,sabado,1,0,19.8,90.2,0,0,13.13
2025-03-15 04:00:00,4,sabado,1,0,20.1,89.9,0,0,13.05
2025-03-15 05:00:00,5,sabado,1,0,19.6,86.3,0,0,10.9
2025-03-15 06:00:00,6,sabado,1,0,21.2,88.8,0,0,12.6
2025-03-15 07:00:00,7,sabado,1,0,24.2,77.6,0,0,13.98
2025-03-15 08:00:00,8,sabado,1,0,25,75.5,0,0,17.4
2025-03-15 09:00:00,9,sabado,1,0,25.6,71.4,20,0,26.87
2025-03-15 10:00:00,10,sabado,1,0,27.2,75,18,0,27.89
2025-03-15 11:00:00,11,sabado,1,0,28.2,68.7,11,0,25.43
2025-03-15 12:00:00,12,sabado,1,0,30.5,62.2,17,0,33.53
2025-03-15 13:00:00,13,sabado,1,0,29.2,64.7,13,0,29.4
2025-03-15 14:00:00,14,sabado,1,0,31.6,60.8,18,0,38.11
2025-03-15 15:00:00,15,sabado,1,0,32.4,56.5,17,0,36.95
2025-03-15 16:00:00,16,sabado,1,0,30.3,72.2,0,0,25.73
2025-03-15 17:00:00,17,sabado,1,0,29.4,69.7,0,0,25.18
2025-03-15 18:00:00,18,sabado,1,0,29.4,69,0,0,22.31
2025-03-15 19:00:00,19,sabado,1,0,29,62.1,0,0,20.96
2025-03-15 20:00:00,20,sabado,1,0,27.2,64.8,0,0,18.01
2025-03-15 21:00:00,21,sabado,1,0,25.3,59.6,0,0,19.45
2025-03-15 22:00:00,22,sabado,1,0,23.7,81.3,0,0,14.02
2025-03-15 23:00:00,23,sabado,1,0,22.5,82.8,0,0,16.46
2025-03-16 00:00:00,0,domingo,1,0,19.8,84.1,0,0,15.69
2025-03-16 01:00:00,1,domingo,1,0,20.7,85.3,0,0,12.15
2025-03-16 02:00:00,2,domingo,1,0,19.7,83.9,0,0,14.03
2025-03-16 03:00:00,3,domingo,1,0,18.3,87.9,0,0,15.82
2025-03-16 04:00:00,4,domingo,1,0,18,87.5,0,0,13.94
2025-03-16 05:00:00,5,domingo,1,0,20.6,86.1,0,0,13.62
2025-03-16 06:00:00,6,domingo,1,0,21.8,79.1,0,0,10.59
2025-03-16 07:00:00,7,domingo,1,0,23.3,84.4,0,0,9.93
2025-03-16 08:00:00,8,domingo,1,0,23.8,79.6,0,0,15.39
2025-03-16 09:00:00,9,domingo,1,0,24.3,73.2,15,0,19.46
2025-03-16 10:00:00,10,domingo,1,0,26.5,73.6,15,0,24.79
2025-03-16 11:00:00,11,domingo,1,0,26.5,72.6,19,0,21.15
2025-03-16 12:00:00,12,domingo,1,0,28.8,66.3,20,0,28.58
2025-03-16 13:00:00,13,domingo,1,0,28.9,75,20,0,30.63
2025-03-16 14:00:00,14,domingo,1,0,30.7,61.9,23,0,38.43
2025-03-16 15:00:00,15,domingo,1,0,30.4,69.6,24,0,37.18
2025-03-16 16:00:00,16,domingo,1,0,30.2,61.5,0,0,23.53
2025-03-16 17:00:00,17,domingo,1,0,29.9,63.8,0,0,24.95
2025-03-16 18:00:00,18,domingo,1,0,29.5,60.9,0,0,25.34
2025-03-16 19:00:00,19,domingo,1,0,27.5,68,0,0,19.84
2025-03-16 20:00:00,20,domingo,1,0,25,72.9,0,0,14.76
2025-03-16 21:00:00,21,domingo,1,0,26.2,66,0,0,17.92
2025-03-16 22:00:00,22,domingo,1,0,23.2,81.9,0,0,10.54
2025-03-16 23:00:00,23,domingo,1,0,22.2,87.3,0,0,11.64
2025-03-17 00:00:00,0,segunda,0,0,20.9,94.2,0,0,14.1
2025-03-17 01:00:00,1,segunda,0,0,20.4,87.5,0,0,13.27
2025-03-17 02:00:00,2,segunda,0,0,20.9,87.8,0,0,15.98
2025-03-17 03:00:00,3,segunda,0,0,19.2,91.9,0,0,12.82
2025-03-17 04:00:00,4,segunda,0,0,18.7,89,0,0,14.21
2025-03-17 05:00:00,5,segunda,0,0,20.8,85.6,0,0,14.89
2025-03-17 06:00:00,6,segunda,0,0,22.1,88.1,0,0,14.66
2025-03-17 07:00:00,7,segunda,0,0,22.8,82,19,0,20.78
2025-03-17 08:00:00,8,segunda,0,0,22.9,71.9,39,0,26.56
2025-03-17 09:00:00,9,segunda,0,0,24.5,77.9,62,0,40.59
2025-03-17 10:00:00,10,segunda,0,0,26.6,70.5,64,0,44.61
2025-03-17 11:00:00,11,segunda,0,0,28,73,77,0,56.89
2025-03-17 12:00:00,12,segunda,0,0,28.2,77.8,88,0,62.74
2025-03-17 13:00:00,13,segunda,0,0,29.6,64.6,96,0,64.47
2025-03-17 14:00:00,14,segunda,0,0,30.2,59.7,89,0,62.75
2025-03-17 15:00:00,15,segunda,0,0,29.2,68.6,92,0,61.35
2025-03-17 16:00:00,16,segunda,0,0,29.2,68,72,0,56.46
2025-03-17 17:00:00,17,segunda,0,0,30.3,62.4,61,0,52.59
2025-03-17 18:00:00,18,segunda,0,0,29.6,68.8,48,1,48.08
2025-03-17 19:00:00,19,segunda,0,0,27,67.5,44,1,39.61
2025-03-17 20:00:00,20,segunda,0,0,27.7,71,22,1,31.18
2025-03-17 21:00:00,21,segunda,0,0,24.6,78.7,0,0,15.8
2025-03-17 22:00:00,22,segunda,0,0,24.5,83.3,0,0,16.52
2025-03-17 23:00:00,23,segunda,0,0,20.7,83.6,0,0,14.53
2025-03-18 00:00:00,0,terca,0,0,20.9,78.8,0,0,16.52
2025-03-18 01:00:00,1,terca,0,0,19.4,83.4,0,0,12.8
2025-03-18 02:00:00,2,terca,0,0,19,93.1,0,0,13.41
2025-03-18 03:00:00,3,terca,0,0,19.7,90,0,0,16.22
2025-03-18 04:00:00,4,terca,0,0,20.4,91.8,0,0,13.13
2025-03-18 05:00:00,5,terca,0,0,19.5,91,0,0,14.97
2025-03-18 06:00:00,6,terca,0,0,20.9,85.3,0,0,10.63
2025-03-18 07:00:00,7,terca,0,0,21.1,84.2,17,0,20.88
2025-03-18 08:00:00,8,terca,0,0,22.4,80.6,44,0,31.2
2025-03-18 09:00:00,9,terca,0,0,23.4,79.6,57,0,40.6
2025-03-18 10:00:00,10,terca,0,0,24.5,78.7,67,0,44.37
2025-03-18 11:00:00,11,terca,0,0,27.1,69.2,89,0,54.1
2025-03-18 12:00:00,12,terca,0,0,28.3,64.1,90,0,59.86
2025-03-18 13:00:00,13,terca,0,0,29.3,67.1,79,0,53.65
2025-03-18 14:00:00,14,terca,0,0,29.6,69.5,93,0,64.84
2025-03-18 15:00:00,15,terca,0,0,30.2,63.6,90,0,61.18
2025-03-18 16:00:00,16,terca,0,0,29.9,62.1,79,0,58.83
2025-03-18 17:00:00,17,terca,0,0,28.6,66.6,65,0,48.95
2025-03-18 18:00:00,18,terca,0,0,27.2,73.4,50,1,38.46
2025-03-18 19:00:00,19,terca,0,0,26.4,71.6,41,1,33.65
2025-03-18 20:00:00,20,terca,0,0,25.2,75.6,19,1,21.26
2025-03-18 21:00:00,21,terca,0,0,24.4,82.7,0,0,13.83
2025-03-18 22:00:00,22,terca,0,0,23.6,79.9,0,0,16.07
2025-03-18 23:00:00,23,terca,0,0,21.6,86.3,0,0,11.24
2025-03-19 00:00:00,0,quarta,0,1,19.6,86,0,0,15.72
2025-03-19 01:00:00,1,quarta,0,1,19.5,96,0,0,13.94
2025-03-19 02:00:00,2,quarta,0,1,18.6,90.8,0,0,14.64
2025-03-19 03:00:00,3,quarta,0,1,18.3,96,0,0,14.32
2025-03-19 04:00:00,4,quarta,0,1,19.2,91.4,0,0,11.31
2025-03-19 05:00:00,5,quarta,0,1,19.9,94.4,0,0,12.45
2025-03-19 06:00:00,6,quarta,0,1,19.5,93.8,0,0,15.68
2025-03-19 07:00:00,7,quarta,0,1,20.5,83.2,0,0,13.96
2025-03-19 08:00:00,8,quarta,0,1,22.9,82.5,0,0,11.84
2025-03-19 09:00:00,9,quarta,0,1,24.3,76,14,0,22.24
2025-03-19 10:00:00,10,quarta,0,1,25.6,70.8,25,0,25.33
2025-03-19 11:00:00,11,quarta,0,1,26.4,72.1,27,0,29.63
2025-03-19 12:00:00,12,quarta,0,1,29.2,68.7,25,0,35.72
2025-03-19 13:00:00,13,quarta,0,1,29.6,66.8,17,0,32.04
2025-03-19 14:00:00,14,quarta,0,1,28.3,67.3,16,0,32.15
2025-03-19 15:00:00,15,quarta,0,1,29.7,59.8,24,0,34.32
2025-03-19 16:00:00,16,quarta,0,1,28.9,65.6,0,0,25.69
2025-03-19 17:00:00,17,quarta,0,1,27.7,80.5,0,0,20.87
2025-03-19 18:00:00,18,quarta,0,1,27.2,70.2,0,1,20.62
2025-03-19 19:00:00,19,quarta,0,1,27.2,75.5,0,1,18.64
2025-03-19 20:00:00,20,quarta,0,1,26.4,70.7,0,1,17.27
2025-03-19 21:00:00,21,quarta,0,1,23.6,81.9,0,0,13.64
2025-03-19 22:00:00,22,quarta,0,1,22.4,79.6,0,0,13.91
2025-03-19 23:00:00,23,quarta,0,1,21.9,83.3,0,0,14.84
2025-03-20 00:00:00,0,quinta,0,1,20.3,94.9,0,0,12.4
2025-03-20 01:00:00,1,quinta,0,1,19.7,94.1,0,0,10.67
2025-03-20 02:00:00,2,quinta,0,1,17.6,92.9,0,0,17.02
2025-03-20 03:00:00,3,quinta,0,1,17.8,92.6,0,0,14.15
2025-03-20 04:00:00,4,quinta,0,1,18.5,88.6,0,0,11.62
2025-03-20 05:00:00,5,quinta,0,1,19.1,94.9,0,0,10.52
2025-03-20 06:00:00,6,quinta,0,1,20.1,88.8,0,0,11.46
2025-03-20 07:00:00,7,quinta,0,1,21.5,85.2,0,0,14.82
2025-03-20 08:00:00,8,quinta,0,1,21.6,89,0,0,16.26
2025-03-20 09:00:00,9,quinta,0,1,24.4,87.1,16,0,18.15
2025-03-20 10:00:00,10,quinta,0,1,25.3,76.9,20,0,27.46
2025-03-20 11:00:00,11,quinta,0,1,26.9,73.6,26,0,28.39
2025-03-20 12:00:00,12,quinta,0,1,27.5,75.2,21,0,24.69
2025-03-20 13:00:00,13,quinta,0,1,29.3,58.5,15,0,29.89
2025-03-20 14:00:00,14,quinta,0,1,30.2,62.6,22,0,35.33
2025-03-20 15:00:00,15,quinta,0,1,30.3,57.9,18,0,30.14
2025-03-20 16:00:00,16,quinta,0,1,28.9,68.1,0,0,23.52
2025-03-20 17:00:00,17,quinta,0,1,29.8,62.5,0,0,25.06
2025-03-20 18:00:00,18,quinta,0,1,27.8,73.9,0,1,24.75
2025-03-20 19:00:00,19,quinta,0,1,26.1,72.2,0,1,19.08
2025-03-20 20:00:00,20,quinta,0,1,25.5,73.8,0,1,17.88
2025-03-20 21:00:00,21,quinta,0,1,25.1,76.9,0,0,18.09
2025-03-20 22:00:00,22,quinta,0,1,22.8,88.8,0,0,14.22
2025-03-20 23:00:00,23,quinta,0,1,21.5,84,0,0,16.21
2025-03-21 00:00:00,0,sexta,0,0,19.9,91.8,0,0,13.2
2025-03-21 01:00:00,1,sexta,0,0,19.3,95.8,0,0,16.28
2025-03-21 02:00:00,2,sexta,0,0,19.1,93.8,0,0,14.58
2025-03-21 03:00:00,3,sexta,0,0,18.9,94.4,0,0,17.38
2025-03-21 04:00:00,4,sexta,0,0,19.4,95,0,0,14.9
2025-03-21 05:00:00,5,sexta,0,0,19.3,88,0,0,13.96
2025-03-21 06:00:00,6,sexta,0,0,20.3,87.3,0,0,14.29
2025-03-21 07:00:00,7,sexta,0,0,22,88.1,25,0,23.06
2025-03-21 08:00:00,8,sexta,0,0,22.2,87,42,0,32.99
2025-03-21 09:00:00,9,sexta,0,0,24,79.6,58,0,38.56
2025-03-21 10:00:00,10,sexta,0,0,25.2,83.2,70,0,46.6
2025-03-21 11:00:00,11,sexta,0,0,27,70,64,0,47.98
2025-03-21 12:00:00,12,sexta,0,0,28.2,68.5,92,0,59.84
2025-03-21 13:00:00,13,sexta,0,0,29.1,62.3,90,0,60.17
2025-03-21 14:00:00,14,sexta,0,0,28.8,72.2,91,0,61.94
2025-03-21 15:00:00,15,sexta,0,0,29.1,71.6,85,0,55.55
2025-03-21 16:00:00,16,sexta,0,0,29,66,79,0,55.42
2025-03-21 17:00:00,17,sexta,0,0,30,69.7,65,0,53.57
2025-03-21 18:00:00,18,sexta,0,0,29.7,65.3,43,1,45.22
2025-03-21 19:00:00,19,sexta,0,0,26.9,70.9,36,1,38.73
2025-03-21 20:00:00,20,sexta,0,0,26.3,82.6,16,1,22.32
2025-03-21 21:00:00,21,sexta,0,0,26.2,77.3,0,0,16.32
2025-03-21 22:00:00,22,sexta,0,0,22.5,84,0,0,12.58
2025-03-21 23:00:00,23,sexta,0,0,21.4,85.8,0,0,15.22
2025-03-22 00:00:00,0,sabado,1,0,22.1,84.8,0,0,16.8
2025-03-22 01:00:00,1,sabado,1,0,20.4,80.1,0,0,8.31
2025-03-22 02:00:00,2,sabado,1,0,18.9,91.2,0,0,12.81
2025-03-22 03:00:00,3,sabado,1,0,18.6,95.1,0,0,15.64
2025-03-22 04:00:00,4,sabado,1,0,18.7,85.2,0,0,16.09
2025-03-22 05:00:00,5,sabado,1,0,19.1,91.7,0,0,14
2025-03-22 06:00:00,6,sabado,1,0,21.4,80.1,0,0,14.84
2025-03-22 07:00:00,7,sabado,1,0,21.7,86.1,0,0,12.81
2025-03-22 08:00:00,8,sabado,1,0,23.3,81.4,0,0,9.72
2025-03-22 09:00:00,9,sabado,1,0,24.3,75.2,29,0,27.6
2025-03-22 10:00:00,10,sabado,1,0,25.7,72.5,14,0,21.41
2025-03-22 11:00:00,11,sabado,1,0,28.2,75.3,23,0,33.63
2025-03-22 12:00:00,12,sabado,1,0,29.3,65.2,25,0,38.68
2025-03-22 13:00:00,13,sabado,1,0,28.3,70.3,12,0,25.88
2025-03-22 14:00:00,14,sabado,1,0,30.7,63,25,0,35.95
2025-03-22 15:00:00,15,sabado,1,0,30.1,65.4,13,0,30.47
2025-03-22 16:00:00,16,sabado,1,0,29,64.2,0,0,20.35
2025-03-22 17:00:00,17,sabado,1,0,29.7,65.3,0,0,21.07
2025-03-22 18:00:00,18,sabado,1,0,27.4,69.2,0,0,22.61
2025-03-22 19:00:00,19,sabado,1,0,28.4,66.3,0,0,23.21
2025-03-22 20:00:00,20,sabado,1,0,26.7,73.3,0,0,14.53
2025-03-22 21:00:00,21,sabado,1,0,24.6,77.5,0,0,13.4
2025-03-22 22:00:00,22,sabado,1,0,21.8,78.4,0,0,13.84
2025-03-22 23:00:00,23,sabado,1,0,21.4,73.6,0,0,12.22
2025-03-23 00:00:00,0,domingo,1,0,21.6,79.4,0,0,16
2025-03-23 01:00:00,1,domingo,1,0,18.8,87.6,0,0,16.14
2025-03-23 02:00:00,2,domingo,1,0,21.6,84.3,0,0,14.85
2025-03-23 03:00:00,3,domingo,1,0,19.6,86.1,0,0,14.32
2025-03-23 04:00:00,4,domingo,1,0,19.9,90.8,0,0,13.93
2025-03-23 05:00:00,5,domingo,1,0,19.9,95.5,0,0,14.1
2025-03-23 06:00:00,6,domingo,1,0,20.5,85.2,0,0,14.13
2025-03-23 07:00:00,7,domingo,1,0,22,76.5,0,0,15.8
2025-03-23 08:00:00,8,domingo,1,0,23,82.6,0,0,15.12
2025-03-23 09:00:00,9,domingo,1,0,25.6,73.1,22,0,27.35
2025-03-23 10:00:00,10,domingo,1,0,25.4,78.1,24,0,27.5
2025-03-23 11:00:00,11,domingo,1,0,27.5,71,17,0,27.36
2025-03-23 12:00:00,12,domingo,1,0,28,65.1,25,0,33.79
2025-03-23 13:00:00,13,domingo,1,0,28.6,74.9,17,0,27.4
2025-03-23 14:00:00,14,domingo,1,0,30.3,59.9,28,0,35.44
2025-03-23 15:00:00,15,domingo,1,0,28.6,57.7,23,0,27.25
2025-03-23 16:00:00,16,domingo,1,0,30.4,69.2,0,0,24.35
2025-03-23 17:00:00,17,domingo,1,0,30.8,62.9,0,0,28.38
2025-03-23 18:00:00,18,domingo,1,0,28.8,68.9,0,0,22.65
2025-03-23 19:00:00,19,domingo,1,0,26.5,77.3,0,0,18.99
2025-03-23 20:00:00,20,domingo,1,0,26.9,69.1,0,0,19.11
2025-03-23 21:00:00,21,domingo,1,0,24.6,75,0,0,18.26
2025-03-23 22:00:00,22,domingo,1,0,21.8,82.1,0,0,15.4
2025-03-23 23:00:00,23,domingo,1,0,22.9,88.4,0,0,15.07
2025-03-24 00:00:00,0,segunda,0,0,21.3,91.7,0,0,14.29
2025-03-24 01:00:00,1,segunda,0,0,21.6,86.3,0,0,12.13
2025-03-24 02:00:00,2,segunda,0,0,19.2,91.3,0,0,12.61
2025-03-24 03:00:00,3,segunda,0,0,19.4,93.7,0,0,14.57
2025-03-24 04:00:00,4,segunda,0,0,19.6,90.2,0,0,12.82
2025-03-24 05:00:00,5,segunda,0,0,21.6,78.7,0,0,14.02
2025-03-24 06:00:00,6,segunda,0,0,21.3,89,0,0,15.64
2025-03-24 07:00:00,7,segunda,0,0,23.3,78.5,5,0,14.32
2025-03-24 08:00:00,8,segunda,0,0,25.3,83.1,33,0,32.3
2025-03-24 09:00:00,9,segunda,0,0,26.1,70.3,55,0,43.65
2025-03-24 10:00:00,10,segunda,0,0,27.5,68.8,51,0,40.52
2025-03-24 11:00:00,11,segunda,0,0,27.9,70.7,81,0,57.09
2025-03-24 12:00:00,12,segunda,0,0,28.5,72.2,79,0,54.19
2025-03-24 13:00:00,13,segunda,0,0,29.6,66.7,89,0,61.4
2025-03-24 14:00:00,14,segunda,0,0,30.9,60.7,95,0,67.14
2025-03-24 15:00:00,15,segunda,0,0,31.7,63.2,96,0,69.31
2025-03-24 16:00:00,16,segunda,0,0,30,73,77,0,58.62
2025-03-24 17:00:00,17,segunda,0,0,29.4,62.2,67,0,52.47
2025-03-24 18:00:00,18,segunda,0,0,30.2,66.7,40,1,42.83
2025-03-24 19:00:00,19,segunda,0,0,27.1,69.9,36,1,35.11
2025-03-24 20:00:00,20,segunda,0,0,26.4,75.6,30,1,33.8
2025-03-24 21:00:00,21,segunda,0,0,25.6,71.4,0,0,19.66
2025-03-24 22:00:00,22,segunda,0,0,23.6,75.3,0,0,16.77
2025-03-24 23:00:00,23,segunda,0,0,23,77.1,0,0,17.51
2025-03-25 00:00:00,0,terca,0,0,22.7,86.4,0,0,15.28
2025-03-25 01:00:00,1,terca,0,0,21.1,86.1,0,0,16.09
2025-03-25 02:00:00,2,terca,0,0,21.3,89.4,0,0,11.69
2025-03-25 03:00:00,3,terca,0,0,20.3,85,0,0,14.98
2025-03-25 04:00:00,4,terca,0,0,21,84.8,0,0,11.95
2025-03-25 05:00:00,5,terca,0,0,20.3,90,0,0,12.42
2025-03-25 06:00:00,6,terca,0,0,23.3,83.8,0,0,11.53
2025-03-25 07:00:00,7,terca,0,0,22.7,80.9,19,0,24.06
2025-03-25 08:00:00,8,terca,0,0,24.3,72.5,31,0,28.99
2025-03-25 09:00:00,9,terca,0,0,25.8,71.7,58,0,39.54
2025-03-25 10:00:00,10,terca,0,0,27.6,66.9,78,0,53.18
2025-03-25 11:00:00,11,terca,0,0,27.8,65.5,76,0,50.7
2025-03-25 12:00:00,12,terca,0,0,28.5,65.9,88,0,58.66
2025-03-25 13:00:00,13,terca,0,0,28.2,65.2,89,0,65
2025-03-25 14:00:00,14,terca,0,0,30.1,64.7,102,0,68.9
2025-03-25 15:00:00,15,terca,0,0,31.2,65.7,95,0,73
2025-03-25 16:00:00,16,terca,0,0,30.1,58.2,89,0,63.02
2025-03-25 17:00:00,17,terca,0,0,30.9,61.5,77,0,61.18
2025-03-25 18:00:00,18,terca,0,0,28.8,68.6,52,1,42.89
2025-03-25 19:00:00,19,terca,0,0,27.5,73.8,31,1,35.57
2025-03-25 20:00:00,20,terca,0,0,27.5,69.3,10,1,27
2025-03-25 21:00:00,21,terca,0,0,26.3,72.5,0,0,17.93
2025-03-25 22:00:00,22,terca,0,0,22.3,88,0,0,12.7
2025-03-25 23:00:00,23,terca,0,0,22.9,81.1,0,0,16.04
2025-03-26 00:00:00,0,quarta,0,0,24,84.4,0,0,14.34
2025-03-26 01:00:00,1,quarta,0,0,22.4,81,0,0,14.22
2025-03-26 02:00:00,2,quarta,0,0,19.8,85.9,0,0,14.5
2025-03-26 03:00:00,3,quarta,0,0,20.4,91,0,0,15.09
2025-03-26 04:00:00,4,quarta,0,0,20.4,89.2,0,0,13.69
2025-03-26 05:00:00,5,quarta,0,0,20.7,88.2,0,0,14.02
2025-03-26 06:00:00,6,quarta,0,0,22.1,75.2,0,0,18.3
2025-03-26 07:00:00,7,quarta,0,0,23.3,83.2,2,0,17.39
2025-03-26 08:00:00,8,quarta,0,0,23.9,75.1,38,0,29.18
2025-03-26 09:00:00,9,quarta,0,0,25.9,75.5,49,0,36.49
2025-03-26 10:00:00,10,quarta,0,0,26.2,68.7,58,0,39.47
2025-03-26 11:00:00,11,quarta,0,0,28.1,72.2,66,0,48.61
2025-03-26 12:00:00,12,quarta,0,0,29.5,64.5,87,0,61.13
2025-03-26 13:00:00,13,quarta,0,0,30.9,62.4,88,0,64.47
2025-03-26 14:00:00,14,quarta,0,0,31.7,51,80,0,61.77
2025-03-26 15:00:00,15,quarta,0,0,31.1,61.6,82,0,63.02
2025-03-26 16:00:00,16,quarta,0,0,31.5,65.9,69,0,56.27
2025-03-26 17:00:00,17,quarta,0,0,31,72.9,82,0,57.7
2025-03-26 18:00:00,18,quarta,0,0,29.9,58.8,58,1,51.55
2025-03-26 19:00:00,19,quarta,0,0,28.9,70.1,50,1,42.77
2025-03-26 20:00:00,20,quarta,0,0,28.2,68.4,20,1,27.07
2025-03-26 21:00:00,21,quarta,0,0,26,69.2,0,0,18.41
2025-03-26 22:00:00,22,quarta,0,0,24.2,78.6,0,0,16.78
2025-03-26 23:00:00,23,quarta,0,0,24.3,75.9,0,0,19.2
2025-03-27 00:00:00,0,quinta,0,0,23,83.6,0,0,14.55
2025-03-27 01:00:00,1,quinta,0,0,22.2,79.7,0,0,13.45
2025-03-27 02:00:00,2,quinta,0,0,20.2,80.4,0,0,12.41
2025-03-27 03:00:00,3,quinta,0,0,20.4,91.3,0,0,15.17
2025-03-27 04:00:00,4,quinta,0,0,21.3,79.3,0,0,15.81
2025-03-27 05:00:00,5,quinta,0,0,20.3,89.3,0,0,12.07
2025-03-27 06:00:00,6,quinta,0,0,22.3,80.3,0,0,13.6
2025-03-27 07:00:00,7,quinta,0,0,22.3,87.8,15,0,19.51
2025-03-27 08:00:00,8,quinta,0,0,24.4,82.2,39,0,33.09
2025-03-27 09:00:00,9,quinta,0,0,25.6,73.8,58,0,40.37
2025-03-27 10:00:00,10,quinta,0,0,29.1,65.1,66,0,54
2025-03-27 11:00:00,11,quinta,0,0,28.2,75.4,67,0,49.09
2025-03-27 12:00:00,12,quinta,0,0,30.5,60.6,89,0,63.02
2025-03-27 13:00:00,13,quinta,0,0,32.8,50.6,99,0,73.1
2025-03-27 14:00:00,14,quinta,0,0,32.9,55.8,90,0,71.82
2025-03-27 15:00:00,15,quinta,0,0,32.1,54.9,76,0,60.72
2025-03-27 16:00:00,16,quinta,0,0,30.3,71.5,82,0,58.54
2025-03-27 17:00:00,17,quinta,0,0,30,69.8,54,0,45.69
2025-03-27 18:00:00,18,quinta,0,0,29.6,59.4,44,1,42.34
2025-03-27 19:00:00,19,quinta,0,0,29.4,69.6,35,1,43.49
2025-03-27 20:00:00,20,quinta,0,0,27.5,69.8,12,1,27.36
2025-03-27 21:00:00,21,quinta,0,0,25.9,65.2,0,0,18.68
2025-03-27 22:00:00,22,quinta,0,0,23.7,80.9,0,0,15.68
2025-03-27 23:00:00,23,quinta,0,0,23.5,67.6,0,0,12.82
2025-03-28 00:00:00,0,sexta,0,0,21.9,87.3,0,0,12.56
2025-03-28 01:00:00,1,sexta,0,0,22.5,79.4,0,0,15.77
2025-03-28 02:00:00,2,sexta,0,0,21.2,87.9,0,0,16.04
2025-03-28 03:00:00,3,sexta,0,0,20.1,85.6,0,0,12.8
2025-03-28 04:00:00,4,sexta,0,0,21.1,95.5,0,0,13.51
2025-03-28 05:00:00,5,sexta,0,0,22.8,81,0,0,14.74
2025-03-28 06:00:00,6,sexta,0,0,23.4,81.2,0,0,14.45
2025-03-28 07:00:00,7,sexta,0,0,23.7,77.1,22,0,23.37
2025-03-28 08:00:00,8,sexta,0,0,24.7,83.4,36,0,29.07
2025-03-28 09:00:00,9,sexta,0,0,26.4,81.7,51,0,38.45
2025-03-28 10:00:00,10,sexta,0,0,28.5,67.6,62,0,46.12
2025-03-28 11:00:00,11,sexta,0,0,30.5,60.4,79,0,56.55
2025-03-28 12:00:00,12,sexta,0,0,29.8,65.7,93,0,64.97
2025-03-28 13:00:00,13,sexta,0,0,32.4,54.4,92,0,67.83
2025-03-28 14:00:00,14,sexta,0,0,31.9,56.1,102,0,71.6
2025-03-28 15:00:00,15,sexta,0,0,32.3,64.3,74,0,60.3
2025-03-28 16:00:00,16,sexta,0,0,33,51.3,82,0,68.55
2025-03-28 17:00:00,17,sexta,0,0,31.2,57.4,55,0,49.12
2025-03-28 18:00:00,18,sexta,0,0,29.9,64.3,56,1,48.94
2025-03-28 19:00:00,19,sexta,0,0,28.2,69.2,42,1,38.66
2025-03-28 20:00:00,20,sexta,0,0,27.6,72.5,8,1,25.46
2025-03-28 21:00:00,21,sexta,0,0,26.8,62,0,0,20.72
2025-03-28 22:00:00,22,sexta,0,0,26,77.7,0,0,16.4
2025-03-28 23:00:00,23,sexta,0,0,24.1,83.3,0,0,12.11
2025-03-29 00:00:00,0,sabado,1,0,24.3,78.5,0,0,16.86
2025-03-29 01:00:00,1,sabado,1,0,22.1,82.4,0,0,16.86
2025-03-29 02:00:00,2,sabado,1,0,21.5,81.6,0,0,14.01
2025-03-29 03:00:00,3,sabado,1,0,21.7,87.4,0,0,11.54
2025-03-29 04:00:00,4,sabado,1,0,22.4,84.7,0,0,13.12
2025-03-29 05:00:00,5,sabado,1,0,21.4,80.8,0,0,15.11
2025-03-29 06:00:00,6,sabado,1,0,24,70.2,0,0,11.87
2025-03-29 07:00:00,7,sabado,1,0,25.1,72.1,0,0,17.66
2025-03-29 08:00:00,8,sabado,1,0,24.9,77.4,0,0,15.1
2025-03-29 09:00:00,9,sabado,1,0,27.8,69.5,16,0,29.57
2025-03-29 10:00:00,10,sabado,1,0,29.5,65.4,17,0,32.34
2025-03-29 11:00:00,11,sabado,1,0,31.3,56.9,17,0,30.16
2025-03-29 12:00:00,12,sabado,1,0,31.5,63.3,18,0,33.07
2025-03-29 13:00:00,13,sabado,1,0,32,61.1,17,0,37.65
2025-03-29 14:00:00,14,sabado,1,0,32.8,63.1,20,0,39.79
2025-03-29 15:00:00,15,sabado,1,0,33.3,56.7,16,0,38.77
2025-03-29 16:00:00,16,sabado,1,0,33.1,59.9,0,0,27.94
2025-03-29 17:00:00,17,sabado,1,0,31.5,62.6,0,0,29.4
2025-03-29 18:00:00,18,sabado,1,0,31.6,63.8,0,0,28.22
2025-03-29 19:00:00,19,sabado,1,0,30.9,62.1,0,0,26.6
2025-03-29 20:00:00,20,sabado,1,0,28.1,66.2,0,0,22.65
2025-03-29 21:00:00,21,sabado,1,0,28.8,73.4,0,0,21.42
2025-03-29 22:00:00,22,sabado,1,0,26,73.3,0,0,19.55
2025-03-29 23:00:00,23,sabado,1,0,24.6,79.9,0,0,20.07
2025-03-30 00:00:00,0,domingo,1,0,23.2,81,0,0,13.37
2025-03-30 01:00:00,1,domingo,1,0,23.4,81.7,0,0,12.21
2025-03-30 02:00:00,2,domingo,1,0,21.4,89.7,0,0,11.75
2025-03-30 03:00:00,3,domingo,1,0,20.3,90.2,0,0,20.82
2025-03-30 04:00:00,4,domingo,1,0,21.9,84.5,0,0,12.61
2025-03-30 05:00:00,5,domingo,1,0,23.3,83.3,0,0,17.45
2025-03-30 06:00:00,6,domingo,1,0,24.8,76.5,0,0,13.04
2025-03-30 07:00:00,7,domingo,1,0,24.5,81.8,0,0,14.57
2025-03-30 08:00:00,8,domingo,1,0,27.4,64.9,0,0,24.01
2025-03-30 09:00:00,9,domingo,1,0,25.8,78.4,10,0,18.69
2025-03-30 10:00:00,10,domingo,1,0,27.9,68.6,10,0,26.77
2025-03-30 11:00:00,11,domingo,1,0,29.8,59.9,17,0,33.88
2025-03-30 12:00:00,12,domingo,1,0,29.7,64.1,19,0,35.86
2025-03-30 13:00:00,13,domingo,1,0,32,62,33,0,43.66
2025-03-30 14:00:00,14,domingo,1,0,32.3,53.8,19,0,39.75
2025-03-30 15:00:00,15,domingo,1,0,32.8,61.7,26,0,42.09
2025-03-30 16:00:00,16,domingo,1,0,33.8,52.2,0,0,34.91
2025-03-30 17:00:00,17,domingo,1,0,31.8,58.1,0,0,27.82
2025-03-30 18:00:00,18,domingo,1,0,29.8,66.8,0,0,26.45
2025-03-30 19:00:00,19,domingo,1,0,30.6,60.9,0,0,23.86
2025-03-30 20:00:00,20,domingo,1,0,28.9,65.1,0,0,23.15
2025-03-30 21:00:00,21,domingo,1,0,26.7,71.2,0,0,19.66
2025-03-30 22:00:00,22,domingo,1,0,25.5,76.1,0,0,21.66
2025-03-30 23:00:00,23,domingo,1,0,26,76.3,0,0,13.75
