timestamp,dia_semana,hora,eventos_pir,co2_ppm,ruido_db,luminosidade_lux,temperatura_c,porta_aberta,pessoas,sala_ocupada
2025-03-03 00:00:00,segunda,0,9,454,49.1,369,22.35,0,1,1
2025-03-03 00:15:00,segunda,0,0,454,30.6,0,23.41,0,0,0
2025-03-03 00:30:00,segunda,0,0,448,36.8,41,22.35,0,0,0
2025-03-03 00:45:00,segunda,0,1,448,31.6,30,22.02,0,0,0
2025-03-03 01:00:00,segunda,1,0,446,34.8,16,22.53,0,0,0
2025-03-03 01:15:00,segunda,1,2,446,31.2,0,22.44,0,0,0
2025-03-03 01:30:00,segunda,1,0,434,38,321,22.13,0,0,0
2025-03-03 01:45:00,segunda,1,15,438,46.3,332,22.07,0,1,1
2025-03-03 02:00:00,segunda,2,1,432,34.5,31,21.84,0,0,0
2025-03-03 02:15:00,segunda,2,1,431,35.1,0,22.53,0,0,0
2025-03-03 02:30:00,segunda,2,1,426,40.1,27,21.88,0,0,0
2025-03-03 02:45:00,segunda,2,0,428,32.7,5,22.63,0,0,0
2025-03-03 03:00:00,segunda,3,1,425,32.5,22,22.28,0,0,0
2025-03-03 03:15:00,segunda,3,0,431,35.3,0,22.04,0,0,0
2025-03-03 03:30:00,segunda,3,0,429,37.4,270,22.07,0,0,0
2025-03-03 03:45:00,segunda,3,0,425,34.6,0,22.25,0,0,0
2025-03-03 04:00:00,segunda,4,2,432,34.9,0,22.02,0,0,0
2025-03-03 04:15:00,segunda,4,0,429,37.4,32,22.01,0,0,0
2025-03-03 04:30:00,segunda,4,2,429,35.1,0,21.67,0,0,0
2025-03-03 04:45:00,segunda,4,1,426,39.1,0,22.7,0,0,0
2025-03-03 05:00:00,segunda,5,0,429,37.5,12,22.24,0,0,0
2025-03-03 05:15:00,segunda,5,0,437,37.4,23,22.69,0,0,0
2025-03-03 05:30:00,segunda,5,0,434,34.8,0,22.08,0,0,0
2025-03-03 05:45:00,segunda,5,1,434,38.1,0,23.25,0,0,0
2025-03-03 06:00:00,segunda,6,0,431,34.3,0,22.81,0,0,0
2025-03-03 06:15:00,segunda,6,0,429,34.9,0,21.96,0,0,0
2025-03-03 06:30:00,segunda,6,0,420,33.1,292,22.61,0,0,0
2025-03-03 06:45:00,segunda,6,0,427,32.8,20,22.49,0,0,0
2025-03-03 07:00:00,segunda,7,2,431,36.1,94,22.44,0,0,0
2025-03-03 07:15:00,segunda,7,0,434,28.3,123,22.24,0,0,0
2025-03-03 07:30:00,segunda,7,2,426,28,126,22.37,0,0,0
2025-03-03 07:45:00,segunda,7,1,418,40.1,117,23.06,0,0,0
2025-03-03 08:00:00,segunda,8,11,445,48,440,23.15,0,1,1
2025-03-03 08:15:00,segunda,8,1,552,35.1,418,23.58,1,8,1
2025-03-03 08:30:00,segunda,8,1,521,34.4,113,23.26,0,0,0
2025-03-03 08:45:00,segunda,8,35,772,54.2,415,23.77,0,20,1
2025-03-03 09:00:00,segunda,9,32,955,56.5,451,23.97,1,17,1
2025-03-03 09:15:00,segunda,9,26,1099,56.5,475,23.84,0,16,1
2025-03-03 09:30:00,segunda,9,16,1098,54.2,399,23.22,1,7,1
2025-03-03 09:45:00,segunda,9,0,1007,33.1,82,22.3,0,0,0
2025-03-03 10:00:00,segunda,10,1,1094,29.9,99,23.77,0,13,1
2025-03-03 10:15:00,segunda,10,15,1111,52.8,132,24.28,0,9,1
2025-03-03 10:30:00,segunda,10,36,1291,58.9,454,23.88,1,21,1
2025-03-03 10:45:00,segunda,10,41,1492,54.6,449,24.47,0,25,1
2025-03-03 11:00:00,segunda,11,33,1475,60,380,23.74,0,11,1
2025-03-03 11:15:00,segunda,11,1,1299,37.1,113,22.92,0,0,0
2025-03-03 11:30:00,segunda,11,17,1279,50.2,420,23.51,0,8,1
2025-03-03 11:45:00,segunda,11,38,1475,56.5,459,24.86,0,24,1
2025-03-03 12:00:00,segunda,12,0,1309,42.1,147,22.33,0,0,0
2025-03-03 12:15:00,segunda,12,0,1169,33,140,21.91,0,0,0
2025-03-03 12:30:00,segunda,12,0,1061,33.2,123,22.63,0,0,0
2025-03-03 12:45:00,segunda,12,2,966,29.5,106,22.24,0,0,0
2025-03-03 13:00:00,segunda,13,0,882,28.8,128,22.34,0,0,0
2025-03-03 13:15:00,segunda,13,0,810,40.6,94,22.48,0,0,0
2025-03-03 13:30:00,segunda,13,0,763,48.6,95,23,0,0,0
2025-03-03 13:45:00,segunda,13,0,715,34.6,91,22.72,0,0,0
2025-03-03 14:00:00,segunda,14,1,669,34,48,23.17,0,0,0
2025-03-03 14:15:00,segunda,14,31,860,57,424,24.3,1,16,1
2025-03-03 14:30:00,segunda,14,39,1099,57.9,455,24.79,1,23,1
2025-03-03 14:45:00,segunda,14,0,1271,36.8,414,24.28,0,20,1
2025-03-03 15:00:00,segunda,15,0,1153,37.7,85,22.8,0,0,0
2025-03-03 15:15:00,segunda,15,2,1227,31,422,23.26,0,12,1
2025-03-03 15:30:00,segunda,15,24,1267,47.9,406,23.11,0,12,1
2025-03-03 15:45:00,segunda,15,34,1359,59.3,497,24.51,0,17,1
2025-03-03 16:00:00,segunda,16,36,1465,55.8,434,23.76,1,18,1
2025-03-03 16:15:00,segunda,16,28,1524,66,442,24.05,0,16,1
2025-03-03 16:30:00,segunda,16,1,1572,36.2,494,23.41,0,16,1
2025-03-03 16:45:00,segunda,16,0,1384,33.8,124,21.63,0,0,0
2025-03-03 17:00:00,segunda,17,42,1566,61.8,148,25.13,1,25,1
2025-03-03 17:15:00,segunda,17,37,1632,56.1,126,24.11,0,18,1
2025-03-03 17:30:00,segunda,17,12,1541,51.4,116,22.73,0,7,1
2025-03-03 17:45:00,segunda,17,0,1367,32,120,22.85,0,0,0
2025-03-03 18:00:00,segunda,18,0,1200,32.7,39,22.81,0,0,0
2025-03-03 18:15:00,segunda,18,0,1075,34.3,0,22.06,0,0,0
2025-03-03 18:30:00,segunda,18,0,979,31,327,22.71,0,0,0
2025-03-03 18:45:00,segunda,18,0,889,35.6,0,22.53,0,0,0
2025-03-03 19:00:00,segunda,19,1,1086,33.8,305,24.37,0,19,1
2025-03-03 19:15:00,segunda,19,28,1222,55.9,0,24.4,0,17,1
2025-03-03 19:30:00,segunda,19,34,1353,60.6,306,24.04,1,19,1
2025-03-03 19:45:00,segunda,19,17,1303,53.7,322,22.46,0,7,1
2025-03-03 20:00:00,segunda,20,0,1176,38.7,30,22.66,0,0,0
2025-03-03 20:15:00,segunda,20,33,1333,69.4,343,23.79,0,20,1
2025-03-03 20:30:00,segunda,20,34,1390,56.5,369,23.46,1,14,1
2025-03-03 20:45:00,segunda,20,16,1360,47.8,313,23.51,0,8,1
2025-03-03 21:00:00,segunda,21,1,1211,41.1,0,22.03,0,0,0
2025-03-03 21:15:00,segunda,21,0,1095,30.6,45,22.58,0,0,0
2025-03-03 21:30:00,segunda,21,0,985,34.7,22,21.98,0,0,0
2025-03-03 21:45:00,segunda,21,0,897,29.2,0,22.95,0,0,0
2025-03-03 22:00:00,segunda,22,0,823,35.9,0,21.55,0,0,0
2025-03-03 22:15:00,segunda,22,1,765,32.3,10,22.5,0,0,0
2025-03-03 22:30:00,segunda,22,2,700,31.7,11,22.03,0,0,0
2025-03-03 22:45:00,segunda,22,0,656,28,0,23.14,0,0,0
2025-03-03 23:00:00,segunda,23,1,618,35.1,0,22.5,0,0,0
2025-03-03 23:15:00,segunda,23,7,581,48.3,336,22.45,0,1,1
2025-03-03 23:30:00,segunda,23,2,569,31.7,10,22.56,0,0,0
2025-03-03 23:45:00,segunda,23,0,527,29.6,21,23.32,0,0,0
2025-03-04 00:00:00,terca,0,2,506,39.7,0,22.41,0,0,0
2025-03-04 00:15:00,terca,0,0,480,30.8,1,22.7,0,0,0
2025-03-04 00:30:00,terca,0,0,468,34.5,0,22.14,0,0,0
2025-03-04 00:45:00,terca,0,0,482,34.3,11,22.81,0,0,0
2025-03-04 01:00:00,terca,1,1,474,38.9,0,22.13,0,0,0
2025-03-04 01:15:00,terca,1,0,479,35,0,23.34,0,0,0
2025-03-04 01:30:00,terca,1,0,471,32.6,19,21.49,0,0,0
2025-03-04 01:45:00,terca,1,1,472,31.9,30,22.69,0,0,0
2025-03-04 02:00:00,terca,2,0,450,31.9,311,22.09,0,0,0
2025-03-04 02:15:00,terca,2,2,430,30.8,0,23.02,0,0,0
2025-03-04 02:30:00,terca,2,0,421,35.2,16,21.88,0,0,0
2025-03-04 02:45:00,terca,2,1,414,37.6,47,22,0,0,0
2025-03-04 03:00:00,terca,3,12,437,49.2,7,22.3,0,1,1
2025-03-04 03:15:00,terca,3,1,412,28.9,4,22.71,0,0,0
2025-03-04 03:30:00,terca,3,2,404,36.8,0,22.03,0,0,0
2025-03-04 03:45:00,terca,3,2,412,36.2,17,22,0,0,0
2025-03-04 04:00:00,terca,4,1,411,29.4,0,22.14,0,0,0
2025-03-04 04:15:00,terca,4,1,419,38,0,22.37,0,0,0
2025-03-04 04:30:00,terca,4,0,417,33,9,22.49,0,0,0
2025-03-04 04:45:00,terca,4,0,434,36.5,342,22.23,0,0,0
2025-03-04 05:00:00,terca,5,0,435,32.6,27,22.94,0,0,0
2025-03-04 05:15:00,terca,5,1,418,40.1,0,22.23,0,0,0
2025-03-04 05:30:00,terca,5,0,431,32.6,23,22.56,0,0,0
2025-03-04 05:45:00,terca,5,0,429,40.6,9,22.43,0,0,0
2025-03-04 06:00:00,terca,6,2,425,34.3,0,23.95,0,0,0
2025-03-04 06:15:00,terca,6,1,428,28,0,22.62,0,0,0
2025-03-04 06:30:00,terca,6,0,410,37.8,0,21.92,0,0,0
2025-03-04 06:45:00,terca,6,0,415,31.4,0,22.64,0,0,0
2025-03-04 07:00:00,terca,7,0,417,31.1,84,23.15,0,0,0
2025-03-04 07:15:00,terca,7,1,410,36.8,128,22.7,0,0,0
2025-03-04 07:30:00,terca,7,1,410,35,143,22.68,0,0,0
2025-03-04 07:45:00,terca,7,0,402,32.2,146,22.16,0,0,0
2025-03-04 08:00:00,terca,8,0,405,36.8,104,22.71,0,0,0
2025-03-04 08:15:00,terca,8,17,523,53.7,448,23.62,0,8,1
2025-03-04 08:30:00,terca,8,21,617,49,460,23.06,0,7,1
2025-03-04 08:45:00,terca,8,20,743,57,388,23.6,0,11,1
2025-03-04 09:00:00,terca,9,33,940,64.3,467,24.07,0,18,1
2025-03-04 09:15:00,terca,9,1,1186,35.1,144,23.99,0,24,1
2025-03-04 09:30:00,terca,9,0,1069,32.7,97,22.15,0,0,0
2025-03-04 09:45:00,terca,9,1,1270,33.6,373,24.45,0,22,1
2025-03-04 10:00:00,terca,10,22,1308,52.5,427,23.74,0,10,1
2025-03-04 10:15:00,terca,10,50,1475,59.9,167,23.9,0,22,1
2025-03-04 10:30:00,terca,10,24,1480,55.4,463,23.69,1,12,1
2025-03-04 10:45:00,terca,10,1,1310,35.1,86,22.78,0,0,0
2025-03-04 11:00:00,terca,11,36,1426,52.9,404,23.7,1,18,1
2025-03-04 11:15:00,terca,11,18,1349,49.8,462,22.51,0,7,1
2025-03-04 11:30:00,terca,11,27,1379,52.8,419,23.31,0,13,1
2025-03-04 11:45:00,terca,11,41,1624,57.5,429,25.33,0,28,1
2025-03-04 12:00:00,terca,12,0,1448,33.2,111,22.53,0,0,0
2025-03-04 12:15:00,terca,12,2,1278,33,440,21.98,0,0,0
2025-03-04 12:30:00,terca,12,0,1147,30.2,469,22.71,0,0,0
2025-03-04 12:45:00,terca,12,2,1044,28.4,109,22.55,0,0,0
2025-03-04 13:00:00,terca,13,1,935,29.7,120,22.31,0,0,0
2025-03-04 13:15:00,terca,13,1,859,34.8,73,21.91,0,0,0
2025-03-04 13:30:00,terca,13,0,768,35.7,145,21.72,0,0,0
2025-03-04 13:45:00,terca,13,0,705,39.7,117,22.71,0,0,0
2025-03-04 14:00:00,terca,14,39,985,58.1,408,23.89,0,24,1
2025-03-04 14:15:00,terca,14,33,1138,57.1,397,24.64,0,18,1
2025-03-04 14:30:00,terca,14,49,1424,61.4,435,24.44,0,27,1
2025-03-04 14:45:00,terca,14,28,1529,58.5,388,23.59,0,18,1
2025-03-04 15:00:00,terca,15,2,1614,30.3,491,24.02,1,19,1
2025-03-04 15:15:00,terca,15,0,1412,38.9,100,22.37,0,0,0
2025-03-04 15:30:00,terca,15,37,1553,60.6,443,24.82,0,21,1
2025-03-04 15:45:00,terca,15,33,1575,51.4,399,24.32,1,15,1
2025-03-04 16:00:00,terca,16,28,1529,56.7,431,22.9,0,10,1
2025-03-04 16:15:00,terca,16,0,1619,32,466,24.53,0,19,1
2025-03-04 16:30:00,terca,16,2,1685,30.6,401,23.81,0,19,1
2025-03-04 16:45:00,terca,16,36,1717,53.5,428,23.84,0,16,1
2025-03-04 17:00:00,terca,17,28,1714,67.2,419,24.08,0,14,1
2025-03-04 17:15:00,terca,17,25,1743,51.7,497,24.13,0,17,1
2025-03-04 17:30:00,terca,17,32,1769,53.4,436,24.53,0,17,1
2025-03-04 17:45:00,terca,17,0,1562,37.6,105,22.09,0,0,0
2025-03-04 18:00:00,terca,18,8,1400,51.4,322,22.48,0,1,1
2025-03-04 18:15:00,terca,18,1,1237,35,0,22.48,0,0,0
2025-03-04 18:30:00,terca,18,1,1109,28.4,7,22.31,0,0,0
2025-03-04 18:45:00,terca,18,0,999,31.8,16,23.27,0,0,0
2025-03-04 19:00:00,terca,19,0,996,30.9,328,23.21,0,7,1
2025-03-04 19:15:00,terca,19,1,906,37.8,3,22.19,0,0,0
2025-03-04 19:30:00,terca,19,0,841,33.8,0,22.24,0,0,0
2025-03-04 19:45:00,terca,19,1,762,37.5,294,21.98,0,0,0
2025-03-04 20:00:00,terca,20,34,944,60.5,310,23.81,0,16,1
2025-03-04 20:15:00,terca,20,16,1010,56.8,326,23.19,1,11,1
2025-03-04 20:30:00,terca,20,0,1197,32.5,340,24.03,0,20,1
2025-03-04 20:45:00,terca,20,30,1299,63.6,6,24.06,1,17,1
2025-03-04 21:00:00,terca,21,1,1152,29.8,20,21.3,0,0,0
2025-03-04 21:15:00,terca,21,2,1044,28.7,0,22.6,0,0,0
2025-03-04 21:30:00,terca,21,0,957,28.1,7,22.51,0,0,0
2025-03-04 21:45:00,terca,21,3,876,34.9,15,22.91,0,0,0
2025-03-04 22:00:00,terca,22,1,792,28,35,22.9,0,0,0
2025-03-04 22:15:00,terca,22,0,738,33.9,6,22.32,0,0,0
2025-03-04 22:30:00,terca,22,0,687,40.6,0,23.61,0,0,0
2025-03-04 22:45:00,terca,22,0,640,36,10,22.36,0,0,0
2025-03-04 23:00:00,terca,23,1,600,36.9,25,22.93,0,0,0
2025-03-04 23:15:00,terca,23,0,576,37.8,2,21.68,0,0,0
2025-03-04 23:30:00,terca,23,0,550,36.7,16,22.22,0,0,0
2025-03-04 23:45:00,terca,23,0,518,34.5,58,21.38,0,0,0
2025-03-05 00:00:00,quarta,0,0,512,32.9,0,21.99,0,0,0
2025-03-05 00:15:00,quarta,0,0,509,36.9,0,22.36,0,0,0
2025-03-05 00:30:00,quarta,0,1,506,37.4,0,22.65,0,0,0
2025-03-05 00:45:00,quarta,0,1,491,35.7,20,21.82,0,0,0
2025-03-05 01:00:00,quarta,1,1,489,34.7,20,22.36,0,0,0
2025-03-05 01:15:00,quarta,1,0,483,35.3,350,22.25,0,0,0
2025-03-05 01:30:00,quarta,1,0,482,36.2,339,21.83,0,0,0
2025-03-05 01:45:00,quarta,1,1,452,33.7,6,21.91,0,0,0
2025-03-05 02:00:00,quarta,2,0,444,32.4,0,23.54,0,0,0
2025-03-05 02:15:00,quarta,2,0,442,32.7,0,22.46,0,0,0
2025-03-05 02:30:00,quarta,2,1,452,31,0,22.69,0,0,0
2025-03-05 02:45:00,quarta,2,0,451,30.1,0,21.86,0,0,0
2025-03-05 03:00:00,quarta,3,0,435,37.5,0,22.69,0,0,0
2025-03-05 03:15:00,quarta,3,0,434,35.1,3,21.88,0,0,0
2025-03-05 03:30:00,quarta,3,0,439,30.3,29,22.36,0,0,0
2025-03-05 03:45:00,quarta,3,0,432,41,315,22.39,0,0,0
2025-03-05 04:00:00,quarta,4,1,440,39,0,22.71,0,0,0
2025-03-05 04:15:00,quarta,4,0,432,35.8,0,22.25,0,0,0
2025-03-05 04:30:00,quarta,4,0,441,38.7,0,22.2,0,0,0
2025-03-05 04:45:00,quarta,4,1,438,35.6,0,22.85,0,0,0
2025-03-05 05:00:00,quarta,5,1,451,28,317,22.56,0,0,0
2025-03-05 05:15:00,quarta,5,1,433,30.4,34,22.48,0,0,0
2025-03-05 05:30:00,quarta,5,0,414,34.6,324,22.12,0,0,0
2025-03-05 05:45:00,quarta,5,1,424,37.6,288,21.91,0,1,1
2025-03-05 06:00:00,quarta,6,0,439,39.7,36,22.92,0,0,0
2025-03-05 06:15:00,quarta,6,0,440,34.2,52,22.01,0,0,0
2025-03-05 06:30:00,quarta,6,1,434,35.7,0,22.23,0,0,0
2025-03-05 06:45:00,quarta,6,2,429,31.7,297,21.7,0,0,0
2025-03-05 07:00:00,quarta,7,1,428,40.7,73,22.82,0,0,0
2025-03-05 07:15:00,quarta,7,0,427,30.9,128,22.71,0,0,0
2025-03-05 07:30:00,quarta,7,1,432,48.3,444,22.08,0,1,1
2025-03-05 07:45:00,quarta,7,0,435,28.9,448,22.28,0,0,0
2025-03-05 08:00:00,quarta,8,33,678,58.1,469,25.09,0,17,1
2025-03-05 08:15:00,quarta,8,0,633,37.3,123,22.67,0,0,0
2025-03-05 08:30:00,quarta,8,25,793,58.5,470,24.43,1,13,1
2025-03-05 08:45:00,quarta,8,0,971,33,127,24.17,1,17,1
2025-03-05 09:00:00,quarta,9,1,896,32.8,68,23.08,0,0,0
2025-03-05 09:15:00,quarta,9,25,1028,55.2,408,23.48,0,15,1
2025-03-05 09:30:00,quarta,9,32,1165,56.3,422,24.16,0,17,1
2025-03-05 09:45:00,quarta,9,37,1343,63.5,463,24.94,0,21,1
2025-03-05 10:00:00,quarta,10,35,1442,56.2,471,24.27,0,18,1
2025-03-05 10:15:00,quarta,10,26,1444,54.3,431,22.78,0,11,1
2025-03-05 10:30:00,quarta,10,29,1557,56.8,454,24.37,1,19,1
2025-03-05 10:45:00,quarta,10,34,1643,59.7,358,24.41,0,20,1
2025-03-05 11:00:00,quarta,11,39,1767,59.1,413,24.51,1,23,1
2025-03-05 11:15:00,quarta,11,38,1865,64,504,24.45,1,22,1
2025-03-05 11:30:00,quarta,11,0,1879,40.1,457,24.16,0,19,1
2025-03-05 11:45:00,quarta,11,40,1900,57.2,450,23.78,0,19,1
2025-03-05 12:00:00,quarta,12,0,1648,33.1,109,22.38,0,0,0
2025-03-05 12:15:00,quarta,12,1,1453,39.6,122,22.17,0,0,0
2025-03-05 12:30:00,quarta,12,1,1290,29.4,67,22.57,0,0,0
2025-03-05 12:45:00,quarta,12,0,1168,35.9,128,22.41,0,0,0
2025-03-05 13:00:00,quarta,13,0,1035,35.7,85,22.68,0,0,0
2025-03-05 13:15:00,quarta,13,1,950,35.8,137,22.82,0,0,0
2025-03-05 13:30:00,quarta,13,1,876,36.1,464,23.01,0,0,0
2025-03-05 13:45:00,quarta,13,2,820,37.3,82,22.88,0,0,0
2025-03-05 14:00:00,quarta,14,47,1128,55.5,451,24.59,0,26,1
2025-03-05 14:15:00,quarta,14,49,1390,66.4,435,24.66,0,26,1
2025-03-05 14:30:00,quarta,14,0,1214,37.5,110,21.72,0,0,0
2025-03-05 14:45:00,quarta,14,41,1473,67.7,442,25.07,0,27,1
2025-03-05 15:00:00,quarta,15,40,1648,54,462,24.8,0,25,1
2025-03-05 15:15:00,quarta,15,38,1743,57.4,462,23.74,0,20,1
2025-03-05 15:30:00,quarta,15,28,1795,56,438,24.06,0,18,1
2025-03-05 15:45:00,quarta,15,2,1783,45.3,463,22.84,0,14,1
2025-03-05 16:00:00,quarta,16,29,1832,54.9,434,24.36,0,19,1
2025-03-05 16:15:00,quarta,16,19,1776,57,162,23.23,0,12,1
2025-03-05 16:30:00,quarta,16,2,1576,37.2,93,22.22,0,0,0
2025-03-05 16:45:00,quarta,16,24,1571,50.1,387,23.95,0,12,1
2025-03-05 17:00:00,quarta,17,31,1580,55.7,468,23.22,1,13,1
2025-03-05 17:15:00,quarta,17,46,1716,51.9,447,24.5,1,23,1
2025-03-05 17:30:00,quarta,17,23,1721,49.9,148,23.24,0,15,1
2025-03-05 17:45:00,quarta,17,34,1799,58.1,417,24.17,1,20,1
2025-03-05 18:00:00,quarta,18,0,1576,33.4,33,22.43,0,0,0
2025-03-05 18:15:00,quarta,18,0,1392,35.7,18,22.78,0,0,0
2025-03-05 18:30:00,quarta,18,1,1233,38.5,28,22.79,0,0,0
2025-03-05 18:45:00,quarta,18,1,1097,36.7,0,22.39,0,0,0
2025-03-05 19:00:00,quarta,19,0,991,29.8,0,22.83,0,0,0
2025-03-05 19:15:00,quarta,19,15,1017,52.2,317,23.42,0,8,1
2025-03-05 19:30:00,quarta,19,0,933,28,0,23.28,0,0,0
2025-03-05 19:45:00,quarta,19,27,1053,56.6,332,23.57,0,15,1
2025-03-05 20:00:00,quarta,20,0,1186,34.1,328,23.74,0,17,1
2025-03-05 20:15:00,quarta,20,39,1353,51.4,317,23.71,0,20,1
2025-03-05 20:30:00,quarta,20,0,1197,34.9,30,22.57,0,0,0
2025-03-05 20:45:00,quarta,20,38,1365,56.2,0,24.46,0,22,1
2025-03-05 21:00:00,quarta,21,0,1213,41.4,22,22.16,0,0,0
2025-03-05 21:15:00,quarta,21,1,1101,34.6,0,22.51,0,0,0
2025-03-05 21:30:00,quarta,21,0,985,34.4,345,21.7,0,0,0
2025-03-05 21:45:00,quarta,21,1,912,38.3,0,22.41,0,0,0
2025-03-05 22:00:00,quarta,22,0,833,31.8,36,22.66,0,0,0
2025-03-05 22:15:00,quarta,22,0,771,31.1,11,22.1,0,0,0
2025-03-05 22:30:00,quarta,22,2,700,31,54,22.51,0,0,0
2025-03-05 22:45:00,quarta,22,2,653,33.3,0,22.65,0,0,0
2025-03-05 23:00:00,quarta,23,0,621,33.6,22,22.35,0,0,0
2025-03-05 23:15:00,quarta,23,1,599,33.7,0,22.31,0,0,0
2025-03-05 23:30:00,quarta,23,0,561,33.2,310,22.47,0,0,0
2025-03-05 23:45:00,quarta,23,0,532,30.6,39,22.93,0,0,0
2025-03-06 00:00:00,quinta,0,0,508,37.8,0,22.61,0,0,0
2025-03-06 00:15:00,quinta,0,1,495,32.6,0,22.27,0,0,0
2025-03-06 00:30:00,quinta,0,0,485,35.4,0,22.35,0,0,0
2025-03-06 00:45:00,quinta,0,2,473,33.2,0,22.3,0,0,0
2025-03-06 01:00:00,quinta,1,0,477,28,0,22.27,0,0,0
2025-03-06 01:15:00,quinta,1,0,456,33.2,0,22.26,0,0,0
2025-03-06 01:30:00,quinta,1,0,448,35.1,0,22.26,0,0,0
2025-03-06 01:45:00,quinta,1,1,465,31.8,50,22.67,0,0,0
2025-03-06 02:00:00,quinta,2,2,453,32.4,28,22.23,0,0,0
2025-03-06 02:15:00,quinta,2,3,465,32.8,0,22.61,0,0,0
2025-03-06 02:30:00,quinta,2,1,456,37.3,0,22.57,0,0,0
2025-03-06 02:45:00,quinta,2,0,451,31.3,0,22.68,0,0,0
2025-03-06 03:00:00,quinta,3,2,449,28.7,17,22.28,0,0,0
2025-03-06 03:15:00,quinta,3,2,441,34.2,16,22.48,0,0,0
2025-03-06 03:30:00,quinta,3,0,443,34.5,24,22.61,0,0,0
2025-03-06 03:45:00,quinta,3,0,432,34,0,21.96,0,0,0
2025-03-06 04:00:00,quinta,4,0,434,35.2,0,22.37,0,0,0
2025-03-06 04:15:00,quinta,4,0,433,35.8,0,22.09,0,0,0
2025-03-06 04:30:00,quinta,4,1,431,37.8,22,22.22,0,0,0
2025-03-06 04:45:00,quinta,4,0,441,34.8,29,22.2,0,0,0
2025-03-06 05:00:00,quinta,5,1,467,31.6,0,22.5,0,0,0
2025-03-06 05:15:00,quinta,5,1,456,33,54,21.91,0,0,0
2025-03-06 05:30:00,quinta,5,0,453,38,0,22.55,0,0,0
2025-03-06 05:45:00,quinta,5,0,442,29,325,22.7,0,0,0
2025-03-06 06:00:00,quinta,6,0,450,32.6,51,22.45,0,0,0
2025-03-06 06:15:00,quinta,6,0,438,34,321,22.44,0,0,0
2025-03-06 06:30:00,quinta,6,1,440,28.4,26,22.4,0,0,0
2025-03-06 06:45:00,quinta,6,13,474,50.1,345,22.98,1,1,1
2025-03-06 07:00:00,quinta,7,0,466,35.7,80,22.31,0,0,0
2025-03-06 07:15:00,quinta,7,1,466,39.4,67,21.97,0,0,0
2025-03-06 07:30:00,quinta,7,1,454,28.1,93,22.38,0,0,0
2025-03-06 07:45:00,quinta,7,1,469,35.4,415,21.61,0,0,0
2025-03-06 08:00:00,quinta,8,1,749,33.2,112,23.85,0,19,1
2025-03-06 08:15:00,quinta,8,0,691,34.2,434,22.8,0,0,0
2025-03-06 08:30:00,quinta,8,31,934,59.4,140,23.85,0,20,1
2025-03-06 08:45:00,quinta,8,2,921,34.2,456,22.79,0,5,1
2025-03-06 09:00:00,quinta,9,0,859,32,111,22.52,0,0,0
2025-03-06 09:15:00,quinta,9,45,1157,61.7,401,24.94,1,26,1
2025-03-06 09:30:00,quinta,9,24,1246,53.7,456,23.79,0,14,1
2025-03-06 09:45:00,quinta,9,49,1522,59.9,169,25.21,0,28,1
2025-03-06 10:00:00,quinta,10,28,1576,57.2,446,23.56,1,16,1
2025-03-06 10:15:00,quinta,10,0,1403,32.5,181,23.31,0,0,0
2025-03-06 10:30:00,quinta,10,37,1491,55.6,453,24.04,1,18,1
2025-03-06 10:45:00,quinta,10,31,1562,66.3,110,24.12,0,18,1
2025-03-06 11:00:00,quinta,11,0,1373,30.4,130,22.77,0,0,0
2025-03-06 11:15:00,quinta,11,22,1410,52.3,438,24.54,0,14,1
2025-03-06 11:30:00,quinta,11,23,1447,53.8,469,23.57,0,14,1
2025-03-06 11:45:00,quinta,11,30,1478,55.2,436,23.89,1,14,1
2025-03-06 12:00:00,quinta,12,2,1315,35.6,149,22.46,0,0,0
2025-03-06 12:15:00,quinta,12,0,1169,28,489,22.45,0,0,0
2025-03-06 12:30:00,quinta,12,0,1063,35.3,122,21.8,0,0,0
2025-03-06 12:45:00,quinta,12,2,963,40,132,23.32,0,0,0
2025-03-06 13:00:00,quinta,13,1,896,31.9,112,22.44,0,0,0
2025-03-06 13:15:00,quinta,13,0,818,37.5,160,21.82,0,0,0
2025-03-06 13:30:00,quinta,13,0,755,34,123,22.1,0,0,0
2025-03-06 13:45:00,quinta,13,1,707,31.3,122,22.46,0,0,0
2025-03-06 14:00:00,quinta,14,1,1086,28,415,24.56,1,30,1
2025-03-06 14:15:00,quinta,14,1,985,35.2,66,22.19,0,0,0
2025-03-06 14:30:00,quinta,14,26,1137,55.5,448,24.84,0,18,1
2025-03-06 14:45:00,quinta,14,17,1149,53.5,414,23.43,0,9,1
2025-03-06 15:00:00,quinta,15,19,1207,52.6,436,23.87,0,13,1
2025-03-06 15:15:00,quinta,15,25,1339,51.2,457,24.68,1,19,1
2025-03-06 15:30:00,quinta,15,1,1188,36.4,106,22.31,0,0,0
2025-03-06 15:45:00,quinta,15,17,1193,61.7,390,22.61,0,9,1
2025-03-06 16:00:00,quinta,16,53,1487,55.3,412,25.37,0,30,1
2025-03-06 16:15:00,quinta,16,16,1442,55.1,134,22.85,1,9,1
2025-03-06 16:30:00,quinta,16,27,1506,52.5,461,23.55,0,16,1
2025-03-06 16:45:00,quinta,16,24,1489,53.7,400,23.66,0,12,1
2025-03-06 17:00:00,quinta,17,34,1575,56.5,440,23.84,1,18,1
2025-03-06 17:15:00,quinta,17,0,1683,34.6,448,24.02,0,21,1
2025-03-06 17:30:00,quinta,17,2,1485,30.5,153,22.25,0,0,0
2025-03-06 17:45:00,quinta,17,2,1461,37.9,423,23.65,0,11,1
2025-03-06 18:00:00,quinta,18,0,1298,29.3,17,22.84,0,0,0
2025-03-06 18:15:00,quinta,18,0,1144,31,11,22.59,0,0,0
2025-03-06 18:30:00,quinta,18,1,1026,32,10,21.86,0,0,0
2025-03-06 18:45:00,quinta,18,0,934,28,339,21.36,0,0,0
2025-03-06 19:00:00,quinta,19,22,999,48.2,351,23.37,0,11,1
2025-03-06 19:15:00,quinta,19,51,1298,59.3,270,25.2,1,28,1
2025-03-06 19:30:00,quinta,19,21,1309,50.7,350,23.33,0,11,1
2025-03-06 19:45:00,quinta,19,0,1150,34.7,36,22.42,0,0,0
2025-03-06 20:00:00,quinta,20,32,1286,55.9,331,23.58,0,18,1
2025-03-06 20:15:00,quinta,20,0,1153,38.6,0,22.62,0,0,0
2025-03-06 20:30:00,quinta,20,0,1358,47.1,291,24.82,0,24,1
2025-03-06 20:45:00,quinta,20,32,1473,57.6,352,23.68,0,18,1
2025-03-06 21:00:00,quinta,21,1,1310,36.1,30,22.06,0,0,0
2025-03-06 21:15:00,quinta,21,1,1170,32.2,374,22.34,0,0,0
2025-03-06 21:30:00,quinta,21,2,1058,34.4,0,22.57,0,0,0
2025-03-06 21:45:00,quinta,21,2,962,35.1,295,22.84,0,0,0
2025-03-06 22:00:00,quinta,22,0,890,33.4,324,23.06,0,0,0
2025-03-06 22:15:00,quinta,22,1,796,29.2,6,23.24,0,0,0
2025-03-06 22:30:00,quinta,22,0,738,30.9,24,21.97,0,0,0
2025-03-06 22:45:00,quinta,22,0,693,35.1,0,22.42,0,0,0
2025-03-06 23:00:00,quinta,23,0,634,32.5,0,22,0,0,0
2025-03-06 23:15:00,quinta,23,12,628,53.8,295,22.59,0,1,1
2025-03-06 23:30:00,quinta,23,0,606,39.5,3,22.61,0,0,0
2025-03-06 23:45:00,quinta,23,1,576,33.5,25,21.26,0,0,0
2025-03-07 00:00:00,sexta,0,0,537,35.6,0,21.4,0,0,0
2025-03-07 00:15:00,sexta,0,0,526,32.1,29,22.68,0,0,0
2025-03-07 00:30:00,sexta,0,1,515,35.5,14,22.68,0,0,0
2025-03-07 00:45:00,sexta,0,1,503,30.1,359,22.1,0,0,0
2025-03-07 01:00:00,sexta,1,1,489,37.3,10,23.47,0,0,0
2025-03-07 01:15:00,sexta,1,0,498,31.9,21,22.52,0,0,0
2025-03-07 01:30:00,sexta,1,1,475,30.4,0,22.18,0,0,0
2025-03-07 01:45:00,sexta,1,1,455,31.9,366,22.17,0,0,0
2025-03-07 02:00:00,sexta,2,0,465,36.1,5,21.87,0,0,0
2025-03-07 02:15:00,sexta,2,0,443,37.7,54,22.64,0,0,0
2025-03-07 02:30:00,sexta,2,0,446,40,0,22.19,0,0,0
2025-03-07 02:45:00,sexta,2,1,445,28,0,22.04,0,0,0
2025-03-07 03:00:00,sexta,3,0,461,29.3,21,22.22,0,0,0
2025-03-07 03:15:00,sexta,3,2,465,33.6,36,22.83,0,0,0
2025-03-07 03:30:00,sexta,3,0,475,41.9,348,23.24,0,1,1
2025-03-07 03:45:00,sexta,3,1,471,28.8,1,22.89,0,0,0
2025-03-07 04:00:00,sexta,4,2,450,33.2,29,22.84,0,0,0
2025-03-07 04:15:00,sexta,4,1,444,28,22,22.55,0,0,0
2025-03-07 04:30:00,sexta,4,1,456,44.3,319,22.58,1,1,1
2025-03-07 04:45:00,sexta,4,0,445,28,0,22.48,0,0,0
2025-03-07 05:00:00,sexta,5,0,448,34.9,0,22.32,0,0,0
2025-03-07 05:15:00,sexta,5,1,454,32.8,328,23,0,0,0
2025-03-07 05:30:00,sexta,5,3,435,42.8,0,22.31,0,0,0
2025-03-07 05:45:00,sexta,5,0,440,31.9,41,21.84,0,0,0
2025-03-07 06:00:00,sexta,6,0,435,48.4,0,22.44,0,0,0
2025-03-07 06:15:00,sexta,6,1,438,28,11,22.35,0,0,0
2025-03-07 06:30:00,sexta,6,1,422,33,0,21.93,0,0,0
2025-03-07 06:45:00,sexta,6,1,424,48.3,280,22.29,0,0,0
2025-03-07 07:00:00,sexta,7,1,405,33.8,474,22.31,0,0,0
2025-03-07 07:15:00,sexta,7,1,402,28,387,22.87,0,0,0
2025-03-07 07:30:00,sexta,7,0,400,36.4,101,22.52,0,0,0
2025-03-07 07:45:00,sexta,7,0,400,30.7,171,22.79,0,0,0
2025-03-07 08:00:00,sexta,8,27,622,53.9,463,23.5,0,15,1
2025-03-07 08:15:00,sexta,8,26,799,54.9,445,23.95,0,14,1
2025-03-07 08:30:00,sexta,8,37,1028,60.1,470,23.87,0,20,1
2025-03-07 08:45:00,sexta,8,8,944,47.4,473,23.26,0,1,1
2025-03-07 09:00:00,sexta,9,1,1071,30.1,454,23.36,1,15,1
2025-03-07 09:15:00,sexta,9,13,981,49.6,439,22.02,0,1,1
2025-03-07 09:30:00,sexta,9,39,1219,66.2,458,24.78,0,24,1
2025-03-07 09:45:00,sexta,9,19,1240,63.9,418,23.09,0,11,1
2025-03-07 10:00:00,sexta,10,33,1350,60.5,130,23.87,0,18,1
2025-03-07 10:15:00,sexta,10,23,1393,51.3,180,23.99,0,14,1
2025-03-07 10:30:00,sexta,10,25,1439,49.4,469,23.55,0,14,1
2025-03-07 10:45:00,sexta,10,26,1479,56.1,412,23.4,0,15,1
2025-03-07 11:00:00,sexta,11,23,1501,57.7,409,22.62,1,13,1
2025-03-07 11:15:00,sexta,11,2,1605,29.1,127,23.74,0,20,1
2025-03-07 11:30:00,sexta,11,26,1640,56.6,423,23.73,1,15,1
2025-03-07 11:45:00,sexta,11,0,1466,29.2,146,22.58,0,0,0
2025-03-07 12:00:00,sexta,12,1,1324,53,458,23.35,0,1,1
2025-03-07 12:15:00,sexta,12,0,1179,44.2,411,22.38,1,1,1
2025-03-07 12:30:00,sexta,12,0,1058,45.1,122,22.74,0,0,0
2025-03-07 12:45:00,sexta,12,0,951,34.4,170,22.5,0,0,0
2025-03-07 13:00:00,sexta,13,0,869,34.4,134,22.23,0,0,0
2025-03-07 13:15:00,sexta,13,1,815,35.3,114,22.33,0,0,0
2025-03-07 13:30:00,sexta,13,0,777,37.5,134,22.52,0,0,0
2025-03-07 13:45:00,sexta,13,1,705,35,93,22.29,0,0,0
2025-03-07 14:00:00,sexta,14,29,872,60.3,447,23.67,0,15,1
2025-03-07 14:15:00,sexta,14,14,945,64.9,454,23.74,1,11,1
2025-03-07 14:30:00,sexta,14,14,936,46.6,444,23.14,0,6,1
2025-03-07 14:45:00,sexta,14,37,1146,57.5,133,25.06,0,21,1
2025-03-07 15:00:00,sexta,15,2,1241,34.9,451,23.19,0,16,1
2025-03-07 15:15:00,sexta,15,27,1300,56.4,175,23.61,0,13,1
2025-03-07 15:30:00,sexta,15,24,1322,49.8,427,23.01,0,12,1
2025-03-07 15:45:00,sexta,15,45,1487,60.2,454,24.43,0,22,1
2025-03-07 16:00:00,sexta,16,42,1627,56.2,409,24.7,0,22,1
2025-03-07 16:15:00,sexta,16,25,1617,57.6,474,23.76,0,13,1
2025-03-07 16:30:00,sexta,16,28,1665,49.4,445,23.7,0,16,1
2025-03-07 16:45:00,sexta,16,36,1778,64.3,130,24.59,0,22,1
2025-03-07 17:00:00,sexta,17,13,1656,49.2,140,22.24,0,7,1
2025-03-07 17:15:00,sexta,17,26,1614,56.8,442,23.21,0,11,1
2025-03-07 17:30:00,sexta,17,14,1596,56,457,23.44,0,12,1
2025-03-07 17:45:00,sexta,17,1,1410,31.7,112,22.82,0,0,0
2025-03-07 18:00:00,sexta,18,0,1247,34.9,351,22.02,0,0,0
2025-03-07 18:15:00,sexta,18,0,1114,40,338,22.57,0,0,0
2025-03-07 18:30:00,sexta,18,0,1003,34.2,31,21.93,0,0,0
2025-03-07 18:45:00,sexta,18,2,915,50.4,13,22.25,0,0,0
2025-03-07 19:00:00,sexta,19,19,1027,55.4,317,23.93,0,13,1
2025-03-07 19:15:00,sexta,19,1,932,32.5,0,22.29,0,0,0
2025-03-07 19:30:00,sexta,19,1,845,36.8,313,22.13,0,0,0
2025-03-07 19:45:00,sexta,19,15,881,52.9,321,22.15,0,7,1
2025-03-07 20:00:00,sexta,20,30,1093,51.6,368,23.96,0,20,1
2025-03-07 20:15:00,sexta,20,34,1287,67.8,301,24.38,0,21,1
2025-03-07 20:30:00,sexta,20,28,1355,60.5,338,23.74,0,15,1
2025-03-07 20:45:00,sexta,20,30,1437,68.6,22,23.24,0,17,1
2025-03-07 21:00:00,sexta,21,0,1292,45.5,0,22.86,0,0,0
2025-03-07 21:15:00,sexta,21,1,1163,36.5,15,22.78,0,0,0
2025-03-07 21:30:00,sexta,21,0,1047,33.4,44,22.39,0,0,0
2025-03-07 21:45:00,sexta,21,0,950,30.1,16,23.05,0,0,0
2025-03-07 22:00:00,sexta,22,0,858,34.6,24,22.94,0,0,0
2025-03-07 22:15:00,sexta,22,0,785,37.3,0,23.27,0,0,0
2025-03-07 22:30:00,sexta,22,9,747,48.7,309,22.49,0,1,1
2025-03-07 22:45:00,sexta,22,0,696,28,3,22.09,0,0,0
2025-03-07 23:00:00,sexta,23,0,661,31.7,0,22.08,0,0,0
2025-03-07 23:15:00,sexta,23,0,620,33.9,0,23.01,0,0,0
2025-03-07 23:30:00,sexta,23,0,585,36.7,0,22.35,0,0,0
2025-03-07 23:45:00,sexta,23,0,568,29.4,0,22.45,0,0,0
2025-03-08 00:00:00,sabado,0,1,538,32.1,324,22.31,0,0,0
2025-03-08 00:15:00,sabado,0,0,519,30.8,0,22.14,0,0,0
2025-03-08 00:30:00,sabado,0,1,500,39.2,0,22.86,0,0,0
2025-03-08 00:45:00,sabado,0,0,491,35.5,311,22.04,0,0,0
2025-03-08 01:00:00,sabado,1,0,488,44.6,0,23.07,0,0,0
2025-03-08 01:15:00,sabado,1,2,477,30.2,0,22.62,0,0,0
2025-03-08 01:30:00,sabado,1,1,465,34.3,20,22.74,0,0,0
2025-03-08 01:45:00,sabado,1,0,454,33.2,17,22.49,0,0,0
2025-03-08 02:00:00,sabado,2,0,459,38.5,23,22.22,0,0,0
2025-03-08 02:15:00,sabado,2,0,449,40,336,22.12,0,0,0
2025-03-08 02:30:00,sabado,2,1,457,36.2,0,22.07,0,0,0
2025-03-08 02:45:00,sabado,2,1,461,36.9,314,22.28,0,0,0
2025-03-08 03:00:00,sabado,3,2,457,42.4,8,22.54,0,0,0
2025-03-08 03:15:00,sabado,3,0,456,32.3,9,23.07,0,0,0
2025-03-08 03:30:00,sabado,3,3,447,33.1,343,22.63,0,0,0
2025-03-08 03:45:00,sabado,3,0,463,42.7,12,23.17,0,0,0
2025-03-08 04:00:00,sabado,4,0,459,36.1,323,21.96,0,0,0
2025-03-08 04:15:00,sabado,4,1,442,36.7,22,22.93,0,0,0
2025-03-08 04:30:00,sabado,4,0,415,48.5,11,23.08,0,0,0
2025-03-08 04:45:00,sabado,4,0,412,37.4,0,22.33,0,0,0
2025-03-08 05:00:00,sabado,5,0,406,32.9,0,22.75,0,0,0
2025-03-08 05:15:00,sabado,5,0,403,33.7,0,22.43,0,0,0
2025-03-08 05:30:00,sabado,5,1,417,35,0,22.5,0,0,0
2025-03-08 05:45:00,sabado,5,0,422,33.1,0,22.83,0,0,0
2025-03-08 06:00:00,sabado,6,0,415,35.5,32,22.12,0,0,0
2025-03-08 06:15:00,sabado,6,1,413,30.7,0,21.91,0,0,0
2025-03-08 06:30:00,sabado,6,1,414,35.9,13,22.11,0,0,0
2025-03-08 06:45:00,sabado,6,0,403,33,326,22.87,0,0,0
2025-03-08 07:00:00,sabado,7,1,407,30.3,141,21.87,0,0,0
2025-03-08 07:15:00,sabado,7,0,414,34.4,126,23.06,0,0,0
2025-03-08 07:30:00,sabado,7,1,426,33.4,120,22.62,0,0,0
2025-03-08 07:45:00,sabado,7,1,422,36.7,119,22.49,0,0,0
2025-03-08 08:00:00,sabado,8,1,427,29.8,140,22.39,0,0,0
2025-03-08 08:15:00,sabado,8,0,411,40,141,22.42,0,0,0
2025-03-08 08:30:00,sabado,8,0,400,46.1,89,22.2,0,0,0
2025-03-08 08:45:00,sabado,8,0,400,31.9,107,21.69,0,0,0
2025-03-08 09:00:00,sabado,9,0,415,34.2,107,22.29,0,0,0
2025-03-08 09:15:00,sabado,9,0,412,40.4,113,22.16,0,0,0
2025-03-08 09:30:00,sabado,9,0,409,29.1,79,23.25,0,0,0
2025-03-08 09:45:00,sabado,9,0,406,28,124,22.08,0,0,0
2025-03-08 10:00:00,sabado,10,0,410,33.1,144,22.53,0,0,0
2025-03-08 10:15:00,sabado,10,0,410,37.6,149,22.01,0,0,0
2025-03-08 10:30:00,sabado,10,0,404,28,93,21.98,0,0,0
2025-03-08 10:45:00,sabado,10,0,405,35.1,126,22.3,0,0,0
2025-03-08 11:00:00,sabado,11,0,408,39.3,152,22.05,0,0,0
2025-03-08 11:15:00,sabado,11,1,400,41.2,120,21.78,0,0,0
2025-03-08 11:30:00,sabado,11,1,400,31.4,106,22.98,0,0,0
2025-03-08 11:45:00,sabado,11,0,410,33.4,128,22.28,0,0,0
2025-03-08 12:00:00,sabado,12,0,410,37.5,118,22.2,0,0,0
2025-03-08 12:15:00,sabado,12,1,406,32.9,120,22.27,0,0,0
2025-03-08 12:30:00,sabado,12,0,403,29.9,93,22.74,0,0,0
2025-03-08 12:45:00,sabado,12,0,407,28,91,22.36,0,0,0
2025-03-08 13:00:00,sabado,13,0,426,33.5,131,21.72,0,0,0
2025-03-08 13:15:00,sabado,13,0,426,39.5,105,22.14,0,0,0
2025-03-08 13:30:00,sabado,13,1,428,30,154,21.77,0,0,0
2025-03-08 13:45:00,sabado,13,0,424,30.8,398,22.43,0,0,0
2025-03-08 14:00:00,sabado,14,1,431,36.8,125,22.02,0,0,0
2025-03-08 14:15:00,sabado,14,1,437,32.7,453,22.55,0,0,0
2025-03-08 14:30:00,sabado,14,1,432,39.3,95,22.95,0,0,0
2025-03-08 14:45:00,sabado,14,0,433,33.6,121,22.28,0,0,0
2025-03-08 15:00:00,sabado,15,13,463,53.4,438,22.69,0,1,1
2025-03-08 15:15:00,sabado,15,0,447,34.1,430,22.59,0,0,0
2025-03-08 15:30:00,sabado,15,2,455,40.2,94,23.08,0,0,0
2025-03-08 15:45:00,sabado,15,0,469,28,144,23.08,0,0,0
2025-03-08 16:00:00,sabado,16,0,467,38.8,117,21.9,0,0,0
2025-03-08 16:15:00,sabado,16,0,455,31.2,109,22.57,0,0,0
2025-03-08 16:30:00,sabado,16,1,448,30.1,105,21.51,0,0,0
2025-03-08 16:45:00,sabado,16,1,441,34.1,99,22.04,0,0,0
2025-03-08 17:00:00,sabado,17,2,441,38.8,75,22.46,0,0,0
2025-03-08 17:15:00,sabado,17,1,442,34.4,425,22.14,0,0,0
2025-03-08 17:30:00,sabado,17,1,440,40,119,22.25,0,0,0
2025-03-08 17:45:00,sabado,17,1,447,34.3,460,22.96,0,0,0
2025-03-08 18:00:00,sabado,18,1,447,34.8,0,22.3,0,0,0
2025-03-08 18:15:00,sabado,18,0,440,31.2,0,22.41,0,0,0
2025-03-08 18:30:00,sabado,18,0,440,44.7,50,23,0,0,0
2025-03-08 18:45:00,sabado,18,0,424,31.1,0,22.48,0,0,0
2025-03-08 19:00:00,sabado,19,0,418,45.8,0,22.63,0,0,0
2025-03-08 19:15:00,sabado,19,1,419,28.3,43,21.87,0,0,0
2025-03-08 19:30:00,sabado,19,0,412,36.3,0,22.15,0,0,0
2025-03-08 19:45:00,sabado,19,1,414,40.1,49,23.37,0,0,0
2025-03-08 20:00:00,sabado,20,0,408,36.4,4,22.89,0,0,0
2025-03-08 20:15:00,sabado,20,0,405,35.2,9,22.34,0,0,0
2025-03-08 20:30:00,sabado,20,0,400,37.1,24,22.91,0,0,0
2025-03-08 20:45:00,sabado,20,0,403,33.2,4,22.52,0,0,0
2025-03-08 21:00:00,sabado,21,0,400,37,29,22.4,0,0,0
2025-03-08 21:15:00,sabado,21,0,400,42.2,37,22.14,0,0,0
2025-03-08 21:30:00,sabado,21,2,405,34.6,10,22.75,0,0,0
2025-03-08 21:45:00,sabado,21,0,408,36.8,37,22.41,0,0,0
2025-03-08 22:00:00,sabado,22,1,403,39.3,0,22.18,0,0,0
2025-03-08 22:15:00,sabado,22,0,408,34.4,3,22.89,0,0,0
2025-03-08 22:30:00,sabado,22,0,408,32.6,29,22.5,0,0,0
2025-03-08 22:45:00,sabado,22,16,409,52.7,334,22.79,0,1,1
2025-03-08 23:00:00,sabado,23,0,411,36.4,0,21.68,0,0,0
2025-03-08 23:15:00,sabado,23,1,424,42,0,23.07,0,0,0
2025-03-08 23:30:00,sabado,23,2,433,35.8,275,22.64,0,1,1
2025-03-08 23:45:00,sabado,23,5,436,56,302,21.45,0,1,1
2025-03-09 00:00:00,domingo,0,0,427,33,9,22.73,0,0,0
2025-03-09 00:15:00,domingo,0,1,426,36.3,0,22.87,0,0,0
2025-03-09 00:30:00,domingo,0,1,439,36.6,283,22.34,0,0,0
2025-03-09 00:45:00,domingo,0,0,433,40.3,0,22.56,0,0,0
2025-03-09 01:00:00,domingo,1,0,426,31.9,0,23.03,0,0,0
2025-03-09 01:15:00,domingo,1,0,424,33.5,0,22.21,0,0,0
2025-03-09 01:30:00,domingo,1,1,424,33.5,20,22.95,0,0,0
2025-03-09 01:45:00,domingo,1,1,429,30,0,21.33,0,0,0
2025-03-09 02:00:00,domingo,2,1,430,36.3,8,22.75,0,0,0
2025-03-09 02:15:00,domingo,2,3,413,33,371,22.8,0,0,0
2025-03-09 02:30:00,domingo,2,1,411,36.2,0,22.25,0,0,0
2025-03-09 02:45:00,domingo,2,1,412,28.5,0,23.79,0,0,0
2025-03-09 03:00:00,domingo,3,1,418,32.6,0,22.68,0,0,0
2025-03-09 03:15:00,domingo,3,2,412,32.1,321,22.66,0,0,0
2025-03-09 03:30:00,domingo,3,0,402,32.7,8,21.93,0,0,0
2025-03-09 03:45:00,domingo,3,0,405,28.5,0,21.41,0,0,0
2025-03-09 04:00:00,domingo,4,1,407,33.1,62,22.37,0,0,0
2025-03-09 04:15:00,domingo,4,0,409,34.2,0,22.41,0,0,0
2025-03-09 04:30:00,domingo,4,7,434,49.2,269,22.62,0,1,1
2025-03-09 04:45:00,domingo,4,3,435,51.8,307,22.93,0,1,1
2025-03-09 05:00:00,domingo,5,1,434,37.2,1,22.9,0,0,0
2025-03-09 05:15:00,domingo,5,1,434,36.7,0,21.85,0,0,0
2025-03-09 05:30:00,domingo,5,0,436,33.7,0,21.83,0,0,0
2025-03-09 05:45:00,domingo,5,0,438,31.3,35,22.71,0,0,0
2025-03-09 06:00:00,domingo,6,1,439,42.4,0,21.96,0,0,0
2025-03-09 06:15:00,domingo,6,1,437,30.4,25,22.09,0,0,0
2025-03-09 06:30:00,domingo,6,0,435,28.3,0,22.56,0,0,0
2025-03-09 06:45:00,domingo,6,0,421,30.8,0,22.44,0,0,0
2025-03-09 07:00:00,domingo,7,0,415,28,120,22.36,0,0,0
2025-03-09 07:15:00,domingo,7,2,412,37.7,106,22.1,0,0,0
2025-03-09 07:30:00,domingo,7,5,427,55,397,22.81,0,1,1
2025-03-09 07:45:00,domingo,7,0,438,34.5,121,21.85,0,0,0
2025-03-09 08:00:00,domingo,8,1,447,33.7,109,21.75,0,0,0
2025-03-09 08:15:00,domingo,8,1,434,39.1,108,22.38,0,0,0
2025-03-09 08:30:00,domingo,8,2,428,35.5,107,22.35,0,0,0
2025-03-09 08:45:00,domingo,8,0,433,35.2,98,22.19,0,0,0
2025-03-09 09:00:00,domingo,9,1,443,30.2,462,22.1,0,0,0
2025-03-09 09:15:00,domingo,9,0,430,37.8,88,22.26,0,0,0
2025-03-09 09:30:00,domingo,9,2,419,44.6,80,22.85,0,0,0
2025-03-09 09:45:00,domingo,9,0,417,33.1,121,22.61,0,0,0
2025-03-09 10:00:00,domingo,10,0,425,37.2,163,22.1,0,0,0
2025-03-09 10:15:00,domingo,10,0,435,34.4,109,22.66,0,0,0
2025-03-09 10:30:00,domingo,10,0,434,37.9,122,22.23,0,0,0
2025-03-09 10:45:00,domingo,10,1,447,34.2,121,22.26,0,0,0
2025-03-09 11:00:00,domingo,11,0,445,32.1,83,22.13,0,0,0
2025-03-09 11:15:00,domingo,11,0,430,32.5,120,22.53,0,0,0
2025-03-09 11:30:00,domingo,11,0,437,32.4,160,21.96,0,0,0
2025-03-09 11:45:00,domingo,11,0,435,29.5,69,22.31,0,0,0
2025-03-09 12:00:00,domingo,12,1,433,34.1,436,22.58,0,0,0
2025-03-09 12:15:00,domingo,12,0,432,30,144,22.58,0,0,0
2025-03-09 12:30:00,domingo,12,2,428,35.7,115,22.89,0,0,0
2025-03-09 12:45:00,domingo,12,0,421,33.3,89,21.89,0,0,0
2025-03-09 13:00:00,domingo,13,0,418,32.5,104,22.31,0,0,0
2025-03-09 13:15:00,domingo,13,1,438,33.7,129,21.92,0,0,0
2025-03-09 13:30:00,domingo,13,1,441,30.5,147,22.92,0,0,0
2025-03-09 13:45:00,domingo,13,0,439,34,150,22.54,0,0,0
2025-03-09 14:00:00,domingo,14,1,446,39.9,195,22.44,0,0,0
2025-03-09 14:15:00,domingo,14,1,445,37.6,124,22.81,0,0,0
2025-03-09 14:30:00,domingo,14,16,463,53.7,129,22.1,0,1,1
2025-03-09 14:45:00,domingo,14,0,462,34.3,450,22,0,0,0
2025-03-09 15:00:00,domingo,15,0,474,32.3,123,22.14,0,0,0
2025-03-09 15:15:00,domingo,15,0,462,36.8,153,22.41,0,0,0
2025-03-09 15:30:00,domingo,15,0,452,32.4,152,22.04,0,0,0
2025-03-09 15:45:00,domingo,15,0,435,46.5,132,22.24,0,0,0
2025-03-09 16:00:00,domingo,16,1,440,37.5,94,22.16,0,0,0
2025-03-09 16:15:00,domingo,16,0,450,36.9,112,22.4,0,0,0
2025-03-09 16:30:00,domingo,16,0,441,28,122,22.21,0,0,0
2025-03-09 16:45:00,domingo,16,1,434,28.8,133,22.08,0,0,0
2025-03-09 17:00:00,domingo,17,1,426,38.6,151,22.51,0,0,0
2025-03-09 17:15:00,domingo,17,1,424,44.1,110,22.61,0,0,0
2025-03-09 17:30:00,domingo,17,0,425,37.4,63,22.07,0,0,0
2025-03-09 17:45:00,domingo,17,1,432,32.7,149,22.38,0,0,0
2025-03-09 18:00:00,domingo,18,0,434,38.2,5,22.66,0,0,0
2025-03-09 18:15:00,domingo,18,1,441,31.2,58,22.49,0,0,0
2025-03-09 18:30:00,domingo,18,1,421,33.2,260,22.66,0,0,0
2025-03-09 18:45:00,domingo,18,1,409,36.1,0,22.07,0,0,0
2025-03-09 19:00:00,domingo,19,1,407,30.8,25,23,0,0,0
2025-03-09 19:15:00,domingo,19,1,415,30.2,0,23.13,0,0,0
2025-03-09 19:30:00,domingo,19,1,418,33.2,26,22.82,0,0,0
2025-03-09 19:45:00,domingo,19,0,412,29.1,4,22.22,0,0,0
2025-03-09 20:00:00,domingo,20,2,440,44.9,341,22.59,0,1,1
2025-03-09 20:15:00,domingo,20,7,456,45.1,309,22.94,0,1,1
2025-03-09 20:30:00,domingo,20,0,452,32.5,12,22.47,0,0,0
2025-03-09 20:45:00,domingo,20,0,459,33.7,296,22.68,0,0,0
2025-03-09 21:00:00,domingo,21,0,446,36.2,0,23.3,0,0,0
2025-03-09 21:15:00,domingo,21,2,441,31.1,0,22.18,0,0,0
2025-03-09 21:30:00,domingo,21,0,456,33.5,1,22.18,0,0,0
2025-03-09 21:45:00,domingo,21,1,468,37.9,10,22.44,0,0,0
2025-03-09 22:00:00,domingo,22,0,457,35.2,38,22.29,0,0,0
2025-03-09 22:15:00,domingo,22,0,470,42.7,20,22.51,0,0,0
2025-03-09 22:30:00,domingo,22,0,459,36.8,0,22.19,0,0,0
2025-03-09 22:45:00,domingo,22,1,455,31.3,0,21.77,0,0,0
2025-03-09 23:00:00,domingo,23,0,453,35.2,0,22.71,0,0,0
2025-03-09 23:15:00,domingo,23,1,466,46.6,28,21.87,0,0,0
2025-03-09 23:30:00,domingo,23,1,473,41.5,331,22.46,0,0,0
2025-03-09 23:45:00,domingo,23,2,465,30,29,22.43,0,0,0
