timestamp,ambiente,co2_ppm,pm2_5_ugm3,pm10_ugm3,cov_ppb,temperatura_c,umidade_pct,janela_aberta,ventilacao_ligada,classe_qualidade
2025-03-03 00:00:00,sala_aula,451,13.9,26.5,125,24.1,62.4,0,0,boa
2025-03-03 00:20:00,sala_aula,454,7.7,11.8,109,21.9,59,0,0,boa
2025-03-03 00:40:00,sala_aula,440,12.1,23.9,127,22.3,61.2,0,0,boa
2025-03-03 01:00:00,sala_aula,419,10.4,23.4,59,22.7,55.3,0,0,boa
2025-03-03 01:20:00,sala_aula,426,7,6.4,116,22.3,63.6,0,0,boa
2025-03-03 01:40:00,sala_aula,437,18.9,33,175,24.1,62,0,0,boa
2025-03-03 02:00:00,sala_aula,463,13.9,24.9,40,22.7,63.3,0,0,boa
2025-03-03 02:20:00,sala_aula,479,10.9,19.2,63,23.4,59,0,0,boa
2025-03-03 02:40:00,sala_aula,497,16.3,30.3,191,23,59.9,0,0,boa
2025-03-03 03:00:00,sala_aula,528,6.5,13.2,124,23,61.9,0,0,boa
2025-03-03 03:20:00,sala_aula,549,12.2,32.8,119,22.1,55.5,0,0,boa
2025-03-03 03:40:00,sala_aula,564,3.9,7.7,140,23,59,0,0,boa
2025-03-03 04:00:00,sala_aula,571,12.9,24.4,91,23.6,56.7,0,0,boa
2025-03-03 04:20:00,sala_aula,556,8.6,15.2,105,23,58.3,0,0,boa
2025-03-03 04:40:00,sala_aula,554,15,34.3,239,22.5,59.8,0,0,boa
2025-03-03 05:00:00,sala_aula,572,10.2,14.3,122,22.5,57.6,0,0,boa
2025-03-03 05:20:00,sala_aula,568,8,14.6,182,24,59.3,0,0,boa
2025-03-03 05:40:00,sala_aula,539,11.2,20.7,166,22.9,59.2,0,0,boa
2025-03-03 06:00:00,sala_aula,530,9.3,14.5,185,23.3,55.7,0,0,boa
2025-03-03 06:20:00,sala_aula,531,12.2,28.3,55,23.1,60,0,0,boa
2025-03-03 06:40:00,sala_aula,551,14.7,24,111,23,57,0,0,boa
2025-03-03 07:00:00,sala_aula,551,9,13.2,106,23.1,61.2,0,0,boa
2025-03-03 07:20:00,sala_aula,559,8.1,21.3,86,22.5,62.6,0,0,boa
2025-03-03 07:40:00,sala_aula,553,12.5,23.6,194,23.5,58.5,0,0,boa
2025-03-03 08:00:00,sala_aula,584,18.2,33.9,150,25,62.9,0,0,boa
2025-03-03 08:20:00,sala_aula,609,27.6,51.7,280,25.4,66.3,1,0,moderada
2025-03-03 08:40:00,sala_aula,653,21,43,341,24.8,56,0,0,boa
2025-03-03 09:00:00,sala_aula,707,21.2,48.7,274,25.5,59.1,0,0,boa
2025-03-03 09:20:00,sala_aula,745,30.8,62.7,276,24.9,71.1,1,0,moderada
2025-03-03 09:40:00,sala_aula,804,24.4,47.8,343,25.2,60.9,0,0,moderada
2025-03-03 10:00:00,sala_aula,812,38.7,78.3,272,25.3,68.7,1,0,ruim
2025-03-03 10:20:00,sala_aula,860,22.3,32.5,354,25.3,57.3,0,0,moderada
2025-03-03 10:40:00,sala_aula,902,31.3,65.4,359,25.6,68,1,0,moderada
2025-03-03 11:00:00,sala_aula,926,15.7,27.1,294,26,61.5,0,0,boa
2025-03-03 11:20:00,sala_aula,976,19.2,34.1,295,24.8,57.7,0,0,boa
2025-03-03 11:40:00,sala_aula,1029,14.1,24.7,382,24.9,54.4,0,0,boa
2025-03-03 12:00:00,sala_aula,1074,23,47.3,268,25.2,59.6,0,0,moderada
2025-03-03 12:20:00,sala_aula,1104,17.2,32.2,280,25.6,57.1,0,0,boa
2025-03-03 12:40:00,sala_aula,1138,22.3,44.6,320,25,62.8,0,0,moderada
2025-03-03 13:00:00,sala_aula,1120,11.4,19.4,163,23.9,56.6,0,0,boa
2025-03-03 13:20:00,sala_aula,1127,9.3,19.5,63,23.7,56.1,0,0,boa
2025-03-03 13:40:00,sala_aula,1129,13.1,29.2,145,23,58.7,0,0,boa
2025-03-03 14:00:00,sala_aula,1188,19.4,35.3,335,25.6,62.3,0,0,moderada
2025-03-03 14:20:00,sala_aula,1174,31.8,68.8,235,24.8,65.4,1,0,ruim
2025-03-03 14:40:00,sala_aula,1209,23.2,38.9,344,25.9,58.1,0,0,moderada
2025-03-03 15:00:00,sala_aula,1187,28.4,45.2,254,25.1,68.4,1,0,ruim
2025-03-03 15:20:00,sala_aula,1234,26.3,48,318,25.6,54.9,0,0,moderada
2025-03-03 15:40:00,sala_aula,1306,22.8,48.9,305,26.2,59.6,0,0,moderada
2025-03-03 16:00:00,sala_aula,1354,20.9,41,284,25.2,58.7,0,0,boa
2025-03-03 16:20:00,sala_aula,1316,26.3,59,280,26.3,68.7,1,0,moderada
2025-03-03 16:40:00,sala_aula,1279,28.4,61.7,355,25.4,67.4,1,0,moderada
2025-03-03 17:00:00,sala_aula,1260,29.5,57.9,322,26.3,67,1,0,ruim
2025-03-03 17:20:00,sala_aula,1267,27.2,46.8,291,24.7,61.6,1,0,moderada
2025-03-03 17:40:00,sala_aula,1299,22.9,44.8,446,25.5,58.9,0,0,moderada
2025-03-03 18:00:00,sala_aula,1359,19.6,32,240,25.7,57.3,0,0,moderada
2025-03-03 18:20:00,sala_aula,1381,16.6,39.3,226,25.9,60.3,0,0,moderada
2025-03-03 18:40:00,sala_aula,1415,23.8,45.6,269,24,59.2,0,0,boa
2025-03-03 19:00:00,sala_aula,1359,11,14.3,40,22.4,60.3,0,0,moderada
2025-03-03 19:20:00,sala_aula,1349,8.7,21.2,113,23.3,59.4,0,0,moderada
2025-03-03 19:40:00,sala_aula,1334,6.9,16.9,138,22.4,61.8,0,0,moderada
2025-03-03 20:00:00,sala_aula,1315,7,16,148,23.1,63.4,0,0,boa
2025-03-03 20:20:00,sala_aula,1304,10.1,21.6,210,23.9,59.8,0,0,boa
2025-03-03 20:40:00,sala_aula,1287,8.4,12.9,158,23.5,57.4,0,0,boa
2025-03-03 21:00:00,sala_aula,1267,13.9,30.2,91,24.1,56.1,0,0,boa
2025-03-03 21:20:00,sala_aula,1266,8.8,24.5,94,23.7,59.7,0,0,moderada
2025-03-03 21:40:00,sala_aula,1252,10.8,23.8,154,23.1,57.7,0,0,moderada
2025-03-03 22:00:00,sala_aula,1272,9.5,21.1,212,22.6,63.1,0,0,moderada
2025-03-03 22:20:00,sala_aula,1262,5.6,11.6,128,23.6,56.6,0,0,moderada
2025-03-03 22:40:00,sala_aula,1266,4.5,6.3,151,24,59.2,0,0,boa
2025-03-03 23:00:00,sala_aula,1267,8.8,15.4,194,23.3,56.6,0,0,boa
2025-03-03 23:20:00,sala_aula,1246,9,19.5,193,21.9,61.8,0,0,boa
2025-03-03 23:40:00,sala_aula,1225,12.2,23.9,103,23.1,58.1,0,0,boa
2025-03-04 00:00:00,sala_aula,1211,13.9,31.5,86,21.1,56.2,0,0,boa
2025-03-04 00:20:00,sala_aula,1187,10.4,23.3,129,22.7,58.1,0,0,boa
2025-03-04 00:40:00,sala_aula,1182,12.6,25.3,130,22.5,57.6,0,0,boa
2025-03-04 01:00:00,sala_aula,1155,10,21.9,124,23.2,54.7,0,0,boa
2025-03-04 01:20:00,sala_aula,1126,4.5,13.4,154,23.4,56.1,0,0,boa
2025-03-04 01:40:00,sala_aula,1125,6.1,10.7,130,22.9,59.3,0,0,boa
2025-03-04 02:00:00,sala_aula,1102,8.1,12.6,118,20.9,61.4,0,0,boa
2025-03-04 02:20:00,sala_aula,1101,14.5,25.9,164,23.6,53.2,0,0,boa
2025-03-04 02:40:00,sala_aula,1115,9.2,14.1,205,24,59.7,0,0,boa
2025-03-04 03:00:00,sala_aula,1125,8.7,13.9,220,23.3,59.9,0,0,boa
2025-03-04 03:20:00,sala_aula,1118,15.7,26.1,257,24.1,54.3,0,0,boa
2025-03-04 03:40:00,sala_aula,1081,14.5,21.1,164,22.9,61.6,0,0,boa
2025-03-04 04:00:00,sala_aula,1057,12.1,23.1,180,22.5,56.7,0,0,boa
2025-03-04 04:20:00,sala_aula,1042,4.9,9.4,40,23.6,60.8,0,0,boa
2025-03-04 04:40:00,sala_aula,1045,12,16.4,98,22,53.5,0,0,boa
2025-03-04 05:00:00,sala_aula,1025,13.8,26.2,133,22.4,59.5,0,0,boa
2025-03-04 05:20:00,sala_aula,1009,9.9,15,40,22.6,65.7,0,0,boa
2025-03-04 05:40:00,sala_aula,982,13.3,17.5,40,23,60.5,0,0,boa
2025-03-04 06:00:00,sala_aula,993,9.2,19.5,169,22.3,59.9,0,0,boa
2025-03-04 06:20:00,sala_aula,977,7.2,15.3,136,22.5,55.9,0,0,boa
2025-03-04 06:40:00,sala_aula,984,4.6,9.2,154,22.8,55.3,0,0,boa
2025-03-04 07:00:00,sala_aula,973,6.3,12.9,150,24,59.3,0,0,boa
2025-03-04 07:20:00,sala_aula,964,9.2,21.7,204,22.6,59.6,0,0,boa
2025-03-04 07:40:00,sala_aula,965,8.2,16.8,40,22.6,58.5,0,0,boa
2025-03-04 08:00:00,sala_aula,1018,27.2,56.4,291,26.3,53.7,0,0,ruim
2025-03-04 08:20:00,sala_aula,1081,16.9,27.1,151,25.3,62.2,0,0,boa
2025-03-04 08:40:00,sala_aula,1119,19.3,29.6,346,25.3,61.2,0,0,boa
2025-03-04 09:00:00,sala_aula,1166,16.7,28.9,149,25.5,63.4,0,0,boa
2025-03-04 09:20:00,sala_aula,1227,17.7,38.3,329,25.4,61.5,0,0,boa
2025-03-04 09:40:00,sala_aula,1195,27.3,56.6,260,24,68.3,1,0,ruim
2025-03-04 10:00:00,sala_aula,1238,17.9,36.1,287,24.2,55.6,0,0,boa
2025-03-04 10:20:00,sala_aula,1268,19.3,39.4,215,26.4,59.8,0,0,moderada
2025-03-04 10:40:00,sala_aula,1229,28.2,54.5,242,24.8,66.1,1,0,ruim
2025-03-04 11:00:00,sala_aula,1260,21.6,46.6,230,25,60.5,0,0,boa
2025-03-04 11:20:00,sala_aula,1216,30.9,61.3,242,25.8,66.1,1,0,ruim
2025-03-04 11:40:00,sala_aula,1256,20.5,37.8,327,23.4,60.1,0,0,boa
2025-03-04 12:00:00,sala_aula,1212,25.1,50.6,240,24.7,69,1,0,moderada
2025-03-04 12:20:00,sala_aula,1206,34,78.8,296,25.2,64.6,1,0,ruim
2025-03-04 12:40:00,sala_aula,1179,25.7,48.5,305,25.1,65.7,1,0,moderada
2025-03-04 13:00:00,sala_aula,1189,5.5,10,50,23.3,60.9,0,0,boa
2025-03-04 13:20:00,sala_aula,1173,16.2,29.5,104,22,64.1,0,0,boa
2025-03-04 13:40:00,sala_aula,1156,3.7,11.6,222,24.3,56.8,0,0,boa
2025-03-04 14:00:00,sala_aula,1186,22.1,37.7,292,24.2,63.9,0,0,moderada
2025-03-04 14:20:00,sala_aula,1152,33.7,66.6,286,24.9,65.1,1,0,ruim
2025-03-04 14:40:00,sala_aula,1143,35.2,75.4,218,24.4,72.4,1,0,ruim
2025-03-04 15:00:00,sala_aula,1188,19.4,41.4,260,25.3,55,0,0,boa
2025-03-04 15:20:00,sala_aula,1247,15.9,24.4,192,24.5,62.3,0,0,boa
2025-03-04 15:40:00,sala_aula,1267,20.6,47.3,360,25.5,54.9,0,0,boa
2025-03-04 16:00:00,sala_aula,1230,29.9,55.6,336,25.8,60.8,1,0,ruim
2025-03-04 16:20:00,sala_aula,1236,29,48,234,25.5,64.6,1,0,moderada
2025-03-04 16:40:00,sala_aula,1246,20.2,42.5,231,25.9,52.8,0,0,boa
2025-03-04 17:00:00,sala_aula,1300,25.3,54.7,375,26.1,56.5,0,0,moderada
2025-03-04 17:20:00,sala_aula,1254,31.5,65.3,396,25,68.9,1,0,ruim
2025-03-04 17:40:00,sala_aula,1291,23.2,51.8,294,24.4,52.2,0,0,moderada
2025-03-04 18:00:00,sala_aula,1353,19.2,41,194,25.8,57,0,0,moderada
2025-03-04 18:20:00,sala_aula,1390,19,37.6,281,25.1,62.2,0,0,moderada
2025-03-04 18:40:00,sala_aula,1356,33.7,55.1,191,25.4,69.2,1,0,ruim
2025-03-04 19:00:00,sala_aula,1338,14.9,26.7,110,23.2,62.1,0,0,moderada
2025-03-04 19:20:00,sala_aula,1323,12.7,28.6,71,23.1,61.7,0,0,moderada
2025-03-04 19:40:00,sala_aula,1306,16.2,29.8,40,23,58.7,0,0,moderada
2025-03-04 20:00:00,sala_aula,1316,8.2,15.8,203,21.8,59.8,0,0,moderada
2025-03-04 20:20:00,sala_aula,1300,9.1,18.6,140,23.2,59.3,0,0,boa
2025-03-04 20:40:00,sala_aula,1269,10.4,22.3,130,22.4,60.1,0,0,moderada
2025-03-04 21:00:00,sala_aula,1245,12.2,30.3,143,23,57.8,0,0,boa
2025-03-04 21:20:00,sala_aula,1229,14.9,34,157,22.9,57.1,0,0,boa
2025-03-04 21:40:00,sala_aula,1221,9.3,20,97,22.4,49.1,0,0,boa
2025-03-04 22:00:00,sala_aula,1200,14.8,37.2,162,23.4,63.3,0,0,boa
2025-03-04 22:20:00,sala_aula,1164,4.3,8.1,209,22.8,57.9,0,0,boa
2025-03-04 22:40:00,sala_aula,1171,12.2,22,222,23,61.1,0,0,boa
2025-03-04 23:00:00,sala_aula,1194,11.2,29,84,23.3,58.8,0,0,boa
2025-03-04 23:20:00,sala_aula,1179,12.9,29,211,22.8,59,0,0,boa
2025-03-04 23:40:00,sala_aula,1151,8.3,15.6,143,22.8,60.2,0,0,boa
2025-03-05 00:00:00,sala_aula,1141,12.8,32.2,95,22.8,58.4,0,0,boa
2025-03-05 00:20:00,sala_aula,1150,9.8,14.2,116,21.6,59.4,0,0,boa
2025-03-05 00:40:00,sala_aula,1140,14.3,31.2,192,23.2,62.7,0,0,boa
2025-03-05 01:00:00,sala_aula,1129,12.9,23.2,136,23.5,55.5,0,0,boa
2025-03-05 01:20:00,sala_aula,1122,5.2,5.4,73,23.5,54.8,0,0,boa
2025-03-05 01:40:00,sala_aula,1127,11.4,26.7,287,22.3,62.7,0,0,boa
2025-03-05 02:00:00,sala_aula,1120,7.3,13.6,121,23.7,53.3,0,0,boa
2025-03-05 02:20:00,sala_aula,1119,11.6,18,84,23.7,61.8,0,0,boa
2025-03-05 02:40:00,sala_aula,1096,10.4,21.7,199,23.3,58,0,0,boa
2025-03-05 03:00:00,sala_aula,1106,9.4,14.6,53,23.5,56.3,0,0,boa
2025-03-05 03:20:00,sala_aula,1085,11.1,20.3,90,21.3,60.2,0,0,boa
2025-03-05 03:40:00,sala_aula,1108,11.8,25,164,22.7,59.3,0,0,boa
2025-03-05 04:00:00,sala_aula,1119,11.6,25.1,124,22.1,62.6,0,0,boa
2025-03-05 04:20:00,sala_aula,1107,7.3,14.6,146,23.8,56.2,0,0,boa
2025-03-05 04:40:00,sala_aula,1085,8.4,12,211,23.3,57.5,0,0,boa
2025-03-05 05:00:00,sala_aula,1059,7.5,15.5,168,22.3,53.8,0,0,boa
2025-03-05 05:20:00,sala_aula,1035,9.1,11.1,233,23.4,58,0,0,boa
2025-03-05 05:40:00,sala_aula,1018,13.2,31.2,94,22.8,55.6,0,0,boa
2025-03-05 06:00:00,sala_aula,1005,4.1,4.9,64,23.6,55.7,0,0,boa
2025-03-05 06:20:00,sala_aula,999,4.9,7.6,109,23.1,57.9,0,0,boa
2025-03-05 06:40:00,sala_aula,995,12.2,24.4,93,23,55,0,0,boa
2025-03-05 07:00:00,sala_aula,989,11.1,19.7,77,21.9,59.5,0,0,boa
2025-03-05 07:20:00,sala_aula,991,8,17.5,82,23.9,53.6,0,0,boa
2025-03-05 07:40:00,sala_aula,976,13.7,35.1,107,22.8,58,0,0,boa
2025-03-05 08:00:00,sala_aula,972,29.6,46.2,183,26.3,64.4,1,0,moderada
2025-03-05 08:20:00,sala_aula,1030,29.4,60.7,258,24.7,58.9,0,0,ruim
2025-03-05 08:40:00,sala_aula,1097,21.8,38.7,304,23.6,63.5,0,0,moderada
2025-03-05 09:00:00,sala_aula,1102,29,48.2,226,24,69.2,1,0,ruim
2025-03-05 09:20:00,sala_aula,1141,20.4,39.7,275,25.7,57.1,0,0,moderada
2025-03-05 09:40:00,sala_aula,1105,30.1,69.9,260,25.2,68.8,1,0,ruim
2025-03-05 10:00:00,sala_aula,1099,28.8,59.7,288,24.7,60.7,1,0,ruim
2025-03-05 10:20:00,sala_aula,1074,30.4,59.3,334,25.5,61.1,1,0,ruim
2025-03-05 10:40:00,sala_aula,1113,19.5,30.2,284,24.4,50.6,0,0,boa
2025-03-05 11:00:00,sala_aula,1075,27.6,51.1,300,25.3,64.8,1,0,ruim
2025-03-05 11:20:00,sala_aula,1121,20.7,34.9,256,25.5,59.1,0,0,boa
2025-03-05 11:40:00,sala_aula,1085,30.2,59,259,25.8,64.9,1,0,ruim
2025-03-05 12:00:00,sala_aula,1075,34.2,63.7,140,23.7,71.5,1,0,ruim
2025-03-05 12:20:00,sala_aula,1069,31,64.3,318,23.7,72.2,1,0,ruim
2025-03-05 12:40:00,sala_aula,1067,33.6,64.7,231,26.2,66.8,1,0,ruim
2025-03-05 13:00:00,sala_aula,1037,15.1,27.1,84,22.8,61.2,0,0,boa
2025-03-05 13:20:00,sala_aula,1017,10.4,20.5,180,22.6,65.5,0,0,boa
2025-03-05 13:40:00,sala_aula,1013,9.6,16.7,214,23,60.8,0,0,boa
2025-03-05 14:00:00,sala_aula,1064,24.1,45.9,182,24.9,59.3,0,0,moderada
2025-03-05 14:20:00,sala_aula,1086,20.7,39.1,298,26.3,57.8,0,0,boa
2025-03-05 14:40:00,sala_aula,1108,17.1,39,392,26,64.8,0,0,boa
2025-03-05 15:00:00,sala_aula,1131,26.3,47.5,283,24.4,75.8,1,0,moderada
2025-03-05 15:20:00,sala_aula,1116,33,62.3,362,25.8,64.2,1,0,ruim
2025-03-05 15:40:00,sala_aula,1168,21.3,44.7,319,24.8,57.7,0,0,moderada
2025-03-05 16:00:00,sala_aula,1214,19.6,34,268,25,64.1,0,0,boa
2025-03-05 16:20:00,sala_aula,1238,18.1,34.3,163,24.6,63.1,0,0,moderada
2025-03-05 16:40:00,sala_aula,1274,18.5,34.8,307,24.6,58.8,0,0,boa
2025-03-05 17:00:00,sala_aula,1262,26.1,57.9,344,25,64.9,1,0,moderada
2025-03-05 17:20:00,sala_aula,1262,29.7,50.4,271,25.4,65.1,1,0,ruim
2025-03-05 17:40:00,sala_aula,1318,21.9,49.3,296,25.3,60,0,0,boa
2025-03-05 18:00:00,sala_aula,1362,25.9,46.3,245,24.3,61.2,0,0,moderada
2025-03-05 18:20:00,sala_aula,1397,18.3,32.8,264,25.8,58.7,0,0,moderada
2025-03-03 00:00:00,laboratorio,456,16,34.6,405,23.1,62.3,0,0,boa
2025-03-03 00:20:00,laboratorio,454,22.9,42.6,387,22.8,59,0,0,boa
2025-03-03 00:40:00,laboratorio,460,22.4,37.8,374,22.1,59,0,0,moderada
2025-03-03 01:00:00,laboratorio,467,18.9,39.1,372,22.7,59.5,0,0,boa
2025-03-03 01:20:00,laboratorio,500,22.6,37.8,352,23.4,60.9,0,0,moderada
2025-03-03 01:40:00,laboratorio,487,12.9,25.3,474,22.8,59.9,0,0,moderada
2025-03-03 02:00:00,laboratorio,498,15.8,34.7,349,24.2,61.6,0,0,boa
2025-03-03 02:20:00,laboratorio,525,20.2,38,344,23.1,55.7,0,0,boa
2025-03-03 02:40:00,laboratorio,515,14,28.4,375,23.1,54.8,0,0,boa
2025-03-03 03:00:00,laboratorio,500,17.6,32.2,330,21.9,58.8,0,0,boa
2025-03-03 03:20:00,laboratorio,506,15.7,28.1,373,23.1,64.7,0,0,boa
2025-03-03 03:40:00,laboratorio,521,20.4,44.6,422,23.4,59.7,0,0,boa
2025-03-03 04:00:00,laboratorio,514,16.8,28.9,362,22.8,59.1,0,0,boa
2025-03-03 04:20:00,laboratorio,509,22.3,40.7,424,22.4,61.1,0,0,moderada
2025-03-03 04:40:00,laboratorio,531,13.6,23.7,265,22.8,59.4,0,0,boa
2025-03-03 05:00:00,laboratorio,525,18.4,32.7,455,22.3,58.5,0,0,moderada
2025-03-03 05:20:00,laboratorio,521,14.1,31,399,23.4,55.6,0,0,boa
2025-03-03 05:40:00,laboratorio,526,15.5,30.8,362,23.1,54.6,0,0,boa
2025-03-03 06:00:00,laboratorio,503,20.3,42.8,338,23,59.2,0,0,boa
2025-03-03 06:20:00,laboratorio,526,11.9,20.7,434,23,61.2,0,0,moderada
2025-03-03 06:40:00,laboratorio,542,17.3,29.2,433,22.8,57.9,0,0,moderada
2025-03-03 07:00:00,laboratorio,540,20.7,38.5,361,23.2,56.5,0,0,boa
2025-03-03 07:20:00,laboratorio,547,19.8,36.7,379,21.7,59.9,0,0,boa
2025-03-03 07:40:00,laboratorio,552,13,29.8,373,23.5,54.8,0,0,boa
2025-03-03 08:00:00,laboratorio,622,36.8,62.1,494,25.6,64.7,1,0,ruim
2025-03-03 08:20:00,laboratorio,705,34.5,79.3,530,25.1,57.8,0,0,ruim
2025-03-03 08:40:00,laboratorio,758,40.1,82.9,578,24.7,67,1,0,ruim
2025-03-03 09:00:00,laboratorio,815,35.1,53.6,388,25.9,65,1,0,ruim
2025-03-03 09:20:00,laboratorio,866,33.3,77.3,515,26.8,69.2,1,0,moderada
2025-03-03 09:40:00,laboratorio,919,29.3,60,423,23.8,57.3,0,0,moderada
2025-03-03 10:00:00,laboratorio,995,26.6,52,489,24.1,55.9,0,0,moderada
2025-03-03 10:20:00,laboratorio,1052,32.2,58.7,549,26,62.3,0,0,ruim
2025-03-03 10:40:00,laboratorio,1055,41.2,67.4,538,24.9,70.2,1,0,ruim
2025-03-03 11:00:00,laboratorio,1109,28.2,51.2,469,26.7,58.2,0,0,moderada
2025-03-03 11:20:00,laboratorio,1127,35.2,70.7,484,25.1,71.6,1,0,ruim
2025-03-03 11:40:00,laboratorio,1133,35.9,75,484,25.3,70.4,1,0,ruim
2025-03-03 12:00:00,laboratorio,1128,37.8,78.6,500,24.9,67.4,1,0,ruim
2025-03-03 12:20:00,laboratorio,1201,29.9,51.7,589,24.6,60.9,0,0,ruim
2025-03-03 12:40:00,laboratorio,1272,26.3,51.8,504,26.2,56.8,0,0,moderada
2025-03-03 13:00:00,laboratorio,1243,17.6,37.9,423,23,62,0,0,moderada
2025-03-03 13:20:00,laboratorio,1234,14.2,33.1,393,23.7,59.2,0,0,boa
2025-03-03 13:40:00,laboratorio,1226,19,38.7,439,22.6,61.6,0,0,boa
2025-03-03 14:00:00,laboratorio,1235,36.4,68.5,541,25.1,64.8,1,0,ruim
2025-03-03 14:20:00,laboratorio,1292,20.8,40.1,518,24.5,62.4,0,0,moderada
2025-03-03 14:40:00,laboratorio,1295,35.5,63.7,524,24.8,71.2,1,0,ruim
2025-03-03 15:00:00,laboratorio,1341,26.6,55.4,601,25.5,59.9,0,0,ruim
2025-03-03 15:20:00,laboratorio,1395,28,45.3,602,27.1,58.4,0,0,ruim
2025-03-03 15:40:00,laboratorio,1446,27.5,49.4,500,26,56.4,0,0,moderada
2025-03-03 16:00:00,laboratorio,1493,26.3,55.4,462,24.3,59.5,0,0,moderada
2025-03-03 16:20:00,laboratorio,1537,27.4,59.1,523,24.5,62.7,0,0,moderada
2025-03-03 16:40:00,laboratorio,1434,36.1,61.5,513,25.5,71.4,1,1,ruim
2025-03-03 17:00:00,laboratorio,1421,37.4,84.1,515,25.5,65.7,1,0,ruim
2025-03-03 17:20:00,laboratorio,1480,24.5,49,454,25.7,56.5,0,0,moderada
2025-03-03 17:40:00,laboratorio,1542,20.3,46.3,506,25.7,57.4,0,0,moderada
2025-03-03 18:00:00,laboratorio,1520,27.2,46.8,427,24.5,63.2,0,1,ruim
2025-03-03 18:20:00,laboratorio,1412,35.7,65.3,455,24.8,61.9,1,1,ruim
2025-03-03 18:40:00,laboratorio,1404,37.7,83.3,450,24.5,70.6,1,0,ruim
2025-03-03 19:00:00,laboratorio,1361,17,39.2,351,22.3,59.3,0,0,boa
2025-03-03 19:20:00,laboratorio,1347,15.6,26.7,417,22.1,56.5,0,0,moderada
2025-03-03 19:40:00,laboratorio,1349,16.7,37.5,354,23.6,63.7,0,0,moderada
2025-03-03 20:00:00,laboratorio,1324,20.2,42.7,333,22.7,62.6,0,0,moderada
2025-03-03 20:20:00,laboratorio,1302,21.5,38.5,317,22.2,58.7,0,0,moderada
2025-03-03 20:40:00,laboratorio,1316,14.1,29.4,410,23.6,64,0,0,boa
2025-03-03 21:00:00,laboratorio,1264,19,35,315,23.3,63.3,0,0,boa
2025-03-03 21:20:00,laboratorio,1265,16.9,30.3,485,23.8,60,0,0,moderada
2025-03-03 21:40:00,laboratorio,1240,20.4,35.9,406,22.6,59.5,0,0,moderada
2025-03-03 22:00:00,laboratorio,1243,16.3,35.8,435,23.4,60.6,0,0,moderada
2025-03-03 22:20:00,laboratorio,1239,17.1,33.5,400,23.1,61,0,0,boa
2025-03-03 22:40:00,laboratorio,1242,16.8,29.2,350,22.4,58.7,0,0,moderada
2025-03-03 23:00:00,laboratorio,1237,18.3,40,420,24,55.3,0,0,boa
2025-03-03 23:20:00,laboratorio,1228,20.5,38.6,362,23.2,56.1,0,0,boa
2025-03-03 23:40:00,laboratorio,1208,20.8,42.9,337,23.1,62.2,0,0,boa
2025-03-04 00:00:00,laboratorio,1196,12.4,26.3,390,23.5,60.6,0,0,moderada
2025-03-04 00:20:00,laboratorio,1178,21.2,44.7,386,23.4,66.8,0,0,moderada
2025-03-04 00:40:00,laboratorio,1162,14.2,25.2,399,22,53.7,0,0,boa
2025-03-04 01:00:00,laboratorio,1155,16.7,25.4,387,23.9,59.9,0,0,boa
2025-03-04 01:20:00,laboratorio,1145,18.5,35.6,271,21.8,61.1,0,0,boa
2025-03-04 01:40:00,laboratorio,1132,20.9,41.1,310,23.8,61.2,0,0,boa
2025-03-04 02:00:00,laboratorio,1114,17.8,40,344,22.8,59.9,0,0,boa
2025-03-04 02:20:00,laboratorio,1096,13.2,27.8,451,22.7,57.3,0,0,moderada
2025-03-04 02:40:00,laboratorio,1102,11.9,20,307,22.7,59.2,0,0,boa
2025-03-04 03:00:00,laboratorio,1090,13.4,30.8,358,23.7,60,0,0,boa
2025-03-04 03:20:00,laboratorio,1080,14,22.6,470,22.2,61.1,0,0,boa
2025-03-04 03:40:00,laboratorio,1065,20.3,35.4,440,22.7,55.6,0,0,boa
2025-03-04 04:00:00,laboratorio,1075,9.1,21,417,23.3,52.8,0,0,boa
2025-03-04 04:20:00,laboratorio,1076,18,34.5,308,23.7,58.9,0,0,boa
2025-03-04 04:40:00,laboratorio,1064,16.6,24.3,394,22.5,64.7,0,0,boa
2025-03-04 05:00:00,laboratorio,1045,20.2,40.9,303,21.9,54.5,0,0,boa
2025-03-04 05:20:00,laboratorio,1013,16.8,32.9,391,22.8,55,0,0,boa
2025-03-04 05:40:00,laboratorio,1011,21.6,48.4,419,22,52.8,0,0,boa
2025-03-04 06:00:00,laboratorio,997,9.7,18.8,364,23.6,61.1,0,0,boa
2025-03-04 06:20:00,laboratorio,978,17.1,27.3,286,22.5,58.5,0,0,boa
2025-03-04 06:40:00,laboratorio,973,20,38.3,425,23.8,61.1,0,0,moderada
2025-03-04 07:00:00,laboratorio,969,14.5,27.1,384,24.4,62.6,0,0,boa
2025-03-04 07:20:00,laboratorio,980,23.2,50.1,379,22.3,57.4,0,0,moderada
2025-03-04 07:40:00,laboratorio,991,18.7,35,344,22.1,65.2,0,0,boa
2025-03-04 08:00:00,laboratorio,1043,32.5,57.7,509,24.8,57.6,0,0,ruim
2025-03-04 08:20:00,laboratorio,1100,37.6,73.3,492,25.8,63.4,0,0,ruim
2025-03-04 08:40:00,laboratorio,1144,30.2,64.6,555,24.1,54.7,0,0,ruim
2025-03-04 09:00:00,laboratorio,1150,37.4,78.1,407,25.5,69.3,1,0,ruim
2025-03-04 09:20:00,laboratorio,1136,39,61.3,562,26,71.1,1,0,ruim
2025-03-04 09:40:00,laboratorio,1212,27.8,52,551,23.9,57.2,0,0,moderada
2025-03-04 10:00:00,laboratorio,1286,34.5,68.1,556,24.3,57.2,0,0,ruim
2025-03-04 10:20:00,laboratorio,1283,33.1,62.3,494,23.8,65.4,1,0,ruim
2025-03-04 10:40:00,laboratorio,1339,30.1,55.5,477,25.2,56.5,0,0,ruim
2025-03-04 11:00:00,laboratorio,1397,32.4,58.4,522,26.1,58.8,0,0,ruim
2025-03-04 11:20:00,laboratorio,1456,31.7,60.8,465,25.5,58.4,0,0,ruim
2025-03-04 11:40:00,laboratorio,1521,36.8,78.6,492,25.7,61,0,0,ruim
2025-03-04 12:00:00,laboratorio,1497,33.1,66.2,506,24.8,60.9,0,1,ruim
2025-03-04 12:20:00,laboratorio,1543,25.4,57.5,495,24.6,58.6,0,0,moderada
2025-03-04 12:40:00,laboratorio,1525,26.5,55.8,613,24.4,58.1,0,1,moderada
2025-03-04 13:00:00,laboratorio,1512,17.8,42.3,361,22.2,61.7,0,0,moderada
2025-03-04 13:20:00,laboratorio,1486,15.3,28.2,370,24,65.9,0,0,moderada
2025-03-04 13:40:00,laboratorio,1469,15.9,29.8,229,23.6,57.6,0,0,moderada
2025-03-04 14:00:00,laboratorio,1515,28.4,51.6,556,25.4,62.4,0,0,moderada
2025-03-04 14:20:00,laboratorio,1506,29.2,52.9,370,25.4,57.1,0,1,ruim
2025-03-04 14:40:00,laboratorio,1487,29.6,59.4,583,24.9,56.8,0,1,ruim
2025-03-04 15:00:00,laboratorio,1521,28.9,50.4,595,25.1,58.9,0,0,ruim
2025-03-04 15:20:00,laboratorio,1487,35,75.8,490,25.7,53.3,0,1,ruim
2025-03-04 15:40:00,laboratorio,1453,41.5,75.7,551,25,69.1,1,0,ruim
2025-03-04 16:00:00,laboratorio,1497,27.7,53.4,483,25.4,61.3,0,0,moderada
2025-03-04 16:20:00,laboratorio,1470,41.1,78.5,523,25,69.5,1,0,ruim
2025-03-04 16:40:00,laboratorio,1453,41.5,72.9,544,24.3,68,1,0,ruim
2025-03-04 17:00:00,laboratorio,1501,27.3,56.2,555,25.7,57.4,0,0,moderada
2025-03-04 17:20:00,laboratorio,1476,29.4,54.2,540,25,60.8,0,1,ruim
2025-03-04 17:40:00,laboratorio,1518,32.6,61.8,604,24.9,54.9,0,0,ruim
2025-03-04 18:00:00,laboratorio,1475,28,45.7,605,25,54.4,0,1,ruim
2025-03-04 18:20:00,laboratorio,1537,31.6,65.1,493,25.2,61.9,0,0,ruim
2025-03-04 18:40:00,laboratorio,1499,30.3,63,483,24.9,58.5,0,1,ruim
2025-03-04 19:00:00,laboratorio,1498,15.7,24.9,373,23.2,58.6,0,0,moderada
2025-03-04 19:20:00,laboratorio,1481,16.2,28.7,400,23.1,60.1,0,0,moderada
2025-03-04 19:40:00,laboratorio,1462,21.3,43,279,23.5,57.3,0,0,moderada
2025-03-04 20:00:00,laboratorio,1470,18.3,40.3,437,24,56.4,0,0,moderada
2025-03-04 20:20:00,laboratorio,1469,13,26.2,353,22.8,60,0,0,moderada
2025-03-04 20:40:00,laboratorio,1463,23,39.4,389,23.1,59.2,0,0,moderada
2025-03-04 21:00:00,laboratorio,1419,21.2,45.4,419,22.2,55.4,0,0,moderada
2025-03-04 21:20:00,laboratorio,1391,18.8,40.4,360,22.8,60.1,0,0,moderada
2025-03-04 21:40:00,laboratorio,1374,19.9,36.8,429,23.5,62.7,0,0,boa
2025-03-04 22:00:00,laboratorio,1372,15.2,33.6,478,23.8,55.9,0,0,moderada
2025-03-04 22:20:00,laboratorio,1361,17.7,35.6,384,21.9,55.5,0,0,moderada
2025-03-04 22:40:00,laboratorio,1339,16.4,35.4,341,23.9,56.6,0,0,moderada
2025-03-04 23:00:00,laboratorio,1311,14.6,25,466,24.1,61.3,0,0,moderada
2025-03-04 23:20:00,laboratorio,1291,22.5,51.4,443,22.3,58.6,0,0,moderada
2025-03-04 23:40:00,laboratorio,1267,18.7,40.7,373,21.5,58.1,0,0,moderada
2025-03-05 00:00:00,laboratorio,1260,10.2,20.4,357,24,57.1,0,0,moderada
2025-03-05 00:20:00,laboratorio,1250,15.2,30.7,335,22.6,67.9,0,0,boa
2025-03-05 00:40:00,laboratorio,1245,14,25.5,289,22.7,57.9,0,0,moderada
2025-03-05 01:00:00,laboratorio,1244,10.7,18.2,331,22.6,58.9,0,0,boa
2025-03-05 01:20:00,laboratorio,1250,12.4,25.8,410,22.7,60.1,0,0,boa
2025-03-05 01:40:00,laboratorio,1231,17.7,39.8,558,24.3,59,0,0,moderada
2025-03-05 02:00:00,laboratorio,1225,20,34.5,358,23.4,58.6,0,0,boa
2025-03-05 02:20:00,laboratorio,1221,19.2,42,391,23.1,61.2,0,0,boa
2025-03-05 02:40:00,laboratorio,1171,14.5,24,466,23,61.2,0,0,boa
2025-03-05 03:00:00,laboratorio,1157,17.1,40.5,442,22.6,62.6,0,0,boa
2025-03-05 03:20:00,laboratorio,1147,17,23.2,300,22.4,52.8,0,0,boa
2025-03-05 03:40:00,laboratorio,1110,12.7,22.8,375,22.7,58.9,0,0,boa
2025-03-05 04:00:00,laboratorio,1079,20,35.7,401,22.7,55.7,0,0,boa
2025-03-05 04:20:00,laboratorio,1080,17.1,35.6,430,22.6,55.2,0,0,boa
2025-03-05 04:40:00,laboratorio,1072,16.9,29,441,24.1,61.6,0,0,moderada
2025-03-05 05:00:00,laboratorio,1026,19.7,40,485,22.4,57.1,0,0,boa
2025-03-05 05:20:00,laboratorio,1016,15.2,31,409,22.3,62.8,0,0,boa
2025-03-05 05:40:00,laboratorio,1016,18.2,32.9,392,24.3,60.3,0,0,boa
2025-03-05 06:00:00,laboratorio,1005,17.8,39.4,353,21.8,60.2,0,0,boa
2025-03-05 06:20:00,laboratorio,1014,19.1,23,421,24.2,57,0,0,boa
2025-03-05 06:40:00,laboratorio,1017,14.3,24,443,22.3,59.9,0,0,boa
2025-03-05 07:00:00,laboratorio,1012,18.1,37.5,359,24.2,61.4,0,0,boa
2025-03-05 07:20:00,laboratorio,1034,16.8,32.9,438,23.6,67.4,0,0,boa
2025-03-05 07:40:00,laboratorio,1021,15.8,31,343,22.8,64.4,0,0,boa
2025-03-05 08:00:00,laboratorio,1019,38.8,68,583,25.8,62.1,1,0,ruim
2025-03-05 08:20:00,laboratorio,1025,36.3,72.5,436,24.9,63,1,0,ruim
2025-03-05 08:40:00,laboratorio,1127,26.2,60.5,679,24.9,56.7,0,0,ruim
2025-03-05 09:00:00,laboratorio,1204,28.9,61.3,507,25.1,62,0,0,ruim
2025-03-05 09:20:00,laboratorio,1208,34.3,72.3,551,24.6,65.6,1,0,ruim
2025-03-05 09:40:00,laboratorio,1214,36.2,74.7,449,24.9,67.5,1,0,ruim
2025-03-05 10:00:00,laboratorio,1248,29.1,63.2,537,25.2,64.5,0,0,ruim
2025-03-05 10:20:00,laboratorio,1240,35,59.9,481,24.4,65.4,1,0,ruim
2025-03-05 10:40:00,laboratorio,1218,38.6,82.2,558,26.3,67.1,1,0,ruim
2025-03-05 11:00:00,laboratorio,1197,33.1,63.4,528,25.2,69.8,1,0,ruim
2025-03-05 11:20:00,laboratorio,1259,26.7,55.7,493,24.9,54.6,0,0,moderada
2025-03-05 11:40:00,laboratorio,1264,42,76,533,25,60.7,1,0,ruim
2025-03-05 12:00:00,laboratorio,1323,26.3,49.7,520,26.1,57.2,0,0,boa
2025-03-05 12:20:00,laboratorio,1381,29.8,53.7,697,23.4,59.5,0,0,ruim
2025-03-05 12:40:00,laboratorio,1422,26.7,50.2,530,25.1,56.6,0,0,moderada
2025-03-05 13:00:00,laboratorio,1401,18.9,27.6,372,23.3,59.1,0,0,ruim
2025-03-05 13:20:00,laboratorio,1389,12.9,24.8,392,24.1,58.9,0,0,moderada
2025-03-05 13:40:00,laboratorio,1383,19,32.6,460,22.6,56.5,0,0,moderada
2025-03-05 14:00:00,laboratorio,1442,24.9,50.4,612,25.2,57.4,0,0,moderada
2025-03-05 14:20:00,laboratorio,1485,32.8,62.5,582,25.1,64.9,0,0,ruim
2025-03-05 14:40:00,laboratorio,1529,26.8,46.7,574,25.1,56.8,0,0,moderada
2025-03-05 15:00:00,laboratorio,1490,33.4,54.9,622,24.4,61.3,0,1,ruim
2025-03-05 15:20:00,laboratorio,1455,32.8,60.4,479,24.3,71.2,1,0,ruim
2025-03-05 15:40:00,laboratorio,1525,24.7,42.7,491,24.8,61.7,0,0,moderada
2025-03-05 16:00:00,laboratorio,1410,34.2,70.8,565,25.3,63,1,1,ruim
2025-03-05 16:20:00,laboratorio,1471,29.4,60.8,415,24.5,64.2,0,0,ruim
2025-03-05 16:40:00,laboratorio,1536,27.1,61.6,439,26.8,61.6,0,0,moderada
2025-03-05 17:00:00,laboratorio,1520,28.3,57.4,541,25.6,57.1,0,1,ruim
2025-03-05 17:20:00,laboratorio,1508,23.1,48.1,638,25.7,56.4,0,1,ruim
2025-03-05 17:40:00,laboratorio,1467,30.4,55.8,568,25.5,59.3,0,1,ruim
2025-03-05 18:00:00,laboratorio,1506,28.4,58.8,515,25.2,64.5,0,0,moderada
2025-03-05 18:20:00,laboratorio,1493,30.6,68.5,558,26.2,58.8,0,1,ruim
2025-03-03 00:00:00,auditorio,403,11.5,27,40,23.3,57.1,0,0,boa
2025-03-03 00:20:00,auditorio,421,10,21.9,187,22.8,60.4,0,0,boa
2025-03-03 00:40:00,auditorio,429,10.2,19.6,208,22.9,58.8,0,0,boa
2025-03-03 01:00:00,auditorio,449,9.9,18,167,22.9,57.1,0,0,boa
2025-03-03 01:20:00,auditorio,464,10.7,20.9,125,23,63.3,0,0,boa
2025-03-03 01:40:00,auditorio,474,11.3,24.2,95,22.6,62.8,0,0,boa
2025-03-03 02:00:00,auditorio,487,11.2,17.9,81,23.1,56.5,0,0,boa
2025-03-03 02:20:00,auditorio,527,7.6,10.6,108,22.5,58.2,0,0,boa
2025-03-03 02:40:00,auditorio,519,18.2,34.1,119,23,58.7,0,0,boa
2025-03-03 03:00:00,auditorio,521,10.1,15.8,178,22.9,54.2,0,0,boa
2025-03-03 03:20:00,auditorio,502,9.1,17.3,88,23.5,58.7,0,0,boa
2025-03-03 03:40:00,auditorio,487,12.6,22.2,138,23.2,59,0,0,boa
2025-03-03 04:00:00,auditorio,498,6.3,13.3,72,23.2,62.9,0,0,boa
2025-03-03 04:20:00,auditorio,487,7.8,17.2,40,24.2,56.6,0,0,boa
2025-03-03 04:40:00,auditorio,490,9.9,21.2,101,23.1,58.3,0,0,boa
2025-03-03 05:00:00,auditorio,497,15.3,28,65,23.5,57.5,0,0,boa
2025-03-03 05:20:00,auditorio,509,6.7,7.8,110,22.4,60.1,0,0,boa
2025-03-03 05:40:00,auditorio,512,10.6,23.9,118,22.8,61.9,0,0,boa
2025-03-03 06:00:00,auditorio,536,9.2,15.2,158,23.4,62.4,0,0,boa
2025-03-03 06:20:00,auditorio,555,12.4,21,212,23.7,61.4,0,0,boa
2025-03-03 06:40:00,auditorio,541,10.3,19.2,169,23.1,58.8,0,0,boa
2025-03-03 07:00:00,auditorio,547,10,17.9,64,22,55.9,0,0,boa
2025-03-03 07:20:00,auditorio,563,12.6,27.3,89,22.7,63.3,0,0,boa
2025-03-03 07:40:00,auditorio,572,13.6,21.9,142,22.6,60.6,0,0,boa
2025-03-03 08:00:00,auditorio,641,19,39.2,277,24.6,57.8,0,0,boa
2025-03-03 08:20:00,auditorio,732,18.2,37.8,258,24.4,51.3,0,0,boa
2025-03-03 08:40:00,auditorio,794,27.8,55.2,272,25.6,70.1,1,0,moderada
2025-03-03 09:00:00,auditorio,861,27,56.9,318,25.5,61,1,0,moderada
2025-03-03 09:20:00,auditorio,954,19.3,31.5,215,25.8,63.7,0,0,boa
2025-03-03 09:40:00,auditorio,1045,18,41.9,345,25.2,58.5,0,0,boa
2025-03-03 10:00:00,auditorio,1138,23.5,51.1,304,26.6,53.1,0,0,boa
2025-03-03 10:20:00,auditorio,1246,20.8,37.1,298,25.9,62.1,0,0,boa
2025-03-03 10:40:00,auditorio,1262,32.4,55.1,178,24.8,67.9,1,0,ruim
2025-03-03 11:00:00,auditorio,1340,16.8,29.6,283,25.4,61.6,0,0,boa
2025-03-03 11:20:00,auditorio,1420,13.2,30.5,225,24.8,59.2,0,0,moderada
2025-03-03 11:40:00,auditorio,1445,27.6,48.9,348,24.9,66.2,1,0,moderada
2025-03-03 12:00:00,auditorio,1521,17.2,38.3,195,25.5,58.2,0,0,moderada
2025-03-03 12:20:00,auditorio,1453,24.1,42.2,253,25.5,68.5,1,1,moderada
2025-03-03 12:40:00,auditorio,1472,26.4,56.6,362,26.1,63.9,1,0,moderada
2025-03-03 13:00:00,auditorio,1428,5.7,7.2,235,22.5,60.9,0,0,boa
2025-03-03 13:20:00,auditorio,1439,14.8,23.5,205,23.7,60,0,0,moderada
2025-03-03 13:40:00,auditorio,1431,8.9,12,106,21.5,56.6,0,0,moderada
2025-03-03 14:00:00,auditorio,1530,20.6,36.6,217,24.7,59.7,0,0,moderada
2025-03-03 14:20:00,auditorio,1506,17.8,30.9,182,26.5,60.5,0,1,moderada
2025-03-03 14:40:00,auditorio,1431,29,51.7,285,26.3,66.1,1,1,moderada
2025-03-03 15:00:00,auditorio,1434,31.3,76.6,231,26.8,65.2,1,0,ruim
2025-03-03 15:20:00,auditorio,1501,22.4,35.8,292,25.9,64.3,0,0,moderada
2025-03-03 15:40:00,auditorio,1495,17.2,29.6,295,24.5,63.9,0,1,moderada
2025-03-03 16:00:00,auditorio,1567,19.3,38.6,270,24.1,60.6,0,0,ruim
2025-03-03 16:20:00,auditorio,1566,20.7,46.3,240,23.8,60,0,1,ruim
2025-03-03 16:40:00,auditorio,1545,17.8,25.3,244,25.4,58.8,0,1,ruim
2025-03-03 17:00:00,auditorio,1527,22.9,45.5,260,25.8,60.2,0,1,moderada
2025-03-03 17:20:00,auditorio,1445,28,63.6,307,25.1,66.6,1,1,ruim
2025-03-03 17:40:00,auditorio,1513,20.7,46.2,219,25.6,60.1,0,0,moderada
2025-03-03 18:00:00,auditorio,1424,35.5,73.6,347,24.6,66.4,1,1,ruim
2025-03-03 18:20:00,auditorio,1418,26.9,47.1,221,25.4,70,1,0,ruim
2025-03-03 18:40:00,auditorio,1492,19.9,38.4,319,24.4,61.4,0,0,moderada
2025-03-03 19:00:00,auditorio,1483,9.6,25.6,70,23.8,66.4,0,0,moderada
2025-03-03 19:20:00,auditorio,1450,6.8,8.4,82,24.3,55,0,0,ruim
2025-03-03 19:40:00,auditorio,1441,8.9,17.3,134,23.8,60.7,0,0,moderada
2025-03-03 20:00:00,auditorio,1428,11,19.3,181,23.1,54,0,0,moderada
2025-03-03 20:20:00,auditorio,1420,13,25.7,78,23.3,53.5,0,0,moderada
2025-03-03 20:40:00,auditorio,1412,7.1,13,64,22.6,58.8,0,0,moderada
2025-03-03 21:00:00,auditorio,1378,12.6,28.1,83,23.1,57.3,0,0,moderada
2025-03-03 21:20:00,auditorio,1350,13.8,27,221,23.5,60.6,0,0,moderada
2025-03-03 21:40:00,auditorio,1339,9.5,17.4,205,22.3,58,0,0,moderada
2025-03-03 22:00:00,auditorio,1318,2,4.6,65,22.7,57.1,0,0,moderada
2025-03-03 22:20:00,auditorio,1318,3.4,3,176,21.6,62.7,0,0,moderada
2025-03-03 22:40:00,auditorio,1283,13.4,30.9,151,23.1,55.9,0,0,boa
2025-03-03 23:00:00,auditorio,1263,8.8,17.5,105,23.7,56.6,0,0,boa
2025-03-03 23:20:00,auditorio,1224,7.6,13.1,72,24.1,56.2,0,0,moderada
2025-03-03 23:40:00,auditorio,1227,14.6,32.3,40,23,60.8,0,0,boa
2025-03-04 00:00:00,auditorio,1207,14.6,25.8,287,21,53.9,0,0,boa
2025-03-04 00:20:00,auditorio,1198,12.6,25.2,117,23.3,58.8,0,0,moderada
2025-03-04 00:40:00,auditorio,1189,12.8,23.6,109,22.8,57.4,0,0,boa
2025-03-04 01:00:00,auditorio,1170,5.1,10.4,223,23.1,57.3,0,0,boa
2025-03-04 01:20:00,auditorio,1162,9.3,23.2,109,22.9,56.3,0,0,boa
2025-03-04 01:40:00,auditorio,1160,8.7,21.1,40,23.7,59.8,0,0,boa
2025-03-04 02:00:00,auditorio,1150,15.4,29.3,107,22.9,61.7,0,0,boa
2025-03-04 02:20:00,auditorio,1149,12.2,20.7,184,22.5,57.9,0,0,boa
2025-03-04 02:40:00,auditorio,1136,7.3,16.3,40,24,55,0,0,boa
2025-03-04 03:00:00,auditorio,1137,7.1,14.4,200,22.3,58.1,0,0,boa
2025-03-04 03:20:00,auditorio,1109,6.2,11.8,134,22.6,56.9,0,0,boa
2025-03-04 03:40:00,auditorio,1116,16.9,28.7,44,22.5,57.7,0,0,boa
2025-03-04 04:00:00,auditorio,1113,10.8,14.7,137,22.8,57.5,0,0,boa
2025-03-04 04:20:00,auditorio,1090,15.1,32.3,208,22.4,54.9,0,0,boa
2025-03-04 04:40:00,auditorio,1094,10.9,23.6,60,23.6,58.5,0,0,boa
2025-03-04 05:00:00,auditorio,1082,13.8,20.6,236,22.6,62,0,0,boa
2025-03-04 05:20:00,auditorio,1076,13.3,29.6,111,22.7,60,0,0,boa
2025-03-04 05:40:00,auditorio,1066,5,12.6,150,24,60.6,0,0,boa
2025-03-04 06:00:00,auditorio,1038,12.9,26.6,65,23.5,63,0,0,boa
2025-03-04 06:20:00,auditorio,1037,18.6,36.8,185,22.8,61.3,0,0,boa
2025-03-04 06:40:00,auditorio,1040,5.3,7.1,94,23.4,57.4,0,0,boa
2025-03-04 07:00:00,auditorio,1047,9,21.3,57,22.7,56.6,0,0,boa
2025-03-04 07:20:00,auditorio,1025,13.2,29.1,121,21.5,65.9,0,0,boa
2025-03-04 07:40:00,auditorio,1014,7.2,13,67,23.6,58.9,0,0,boa
2025-03-04 08:00:00,auditorio,1033,26,51.8,283,25.6,66,1,0,moderada
2025-03-04 08:20:00,auditorio,1111,25.3,52.3,240,24.9,59.2,0,0,moderada
2025-03-04 08:40:00,auditorio,1117,27.6,50.1,222,25.1,66,1,0,moderada
2025-03-04 09:00:00,auditorio,1160,28.4,59.6,206,23.4,64.9,1,0,moderada
2025-03-04 09:20:00,auditorio,1256,23.4,51,274,25.7,57.8,0,0,moderada
2025-03-04 09:40:00,auditorio,1243,30.4,52.5,267,25.7,64.6,1,0,moderada
2025-03-04 10:00:00,auditorio,1261,27.9,50.9,180,26,64.6,1,0,moderada
2025-03-04 10:20:00,auditorio,1351,23.1,40.1,157,25.5,56.1,0,0,moderada
2025-03-04 10:40:00,auditorio,1430,18.8,39.6,334,24.8,56,0,0,moderada
2025-03-04 11:00:00,auditorio,1423,30.8,63.8,227,25.4,66.1,1,0,ruim
2025-03-04 11:20:00,auditorio,1414,35.9,66.8,358,24.8,68,1,0,ruim
2025-03-04 11:40:00,auditorio,1405,30.4,60.9,271,24.3,66.4,1,0,ruim
2025-03-04 12:00:00,auditorio,1394,33.1,71.8,313,26.5,67.4,1,0,ruim
2025-03-04 12:20:00,auditorio,1378,26.1,59.4,308,25.5,62.2,1,0,moderada
2025-03-04 12:40:00,auditorio,1468,18.6,39.3,247,25.8,60.4,0,0,moderada
2025-03-04 13:00:00,auditorio,1464,7.4,18.3,87,22.1,60.2,0,0,moderada
2025-03-04 13:20:00,auditorio,1470,12.2,25.4,97,23.2,59.9,0,0,moderada
2025-03-04 13:40:00,auditorio,1446,14.1,24.4,103,23.1,57.5,0,0,moderada
2025-03-04 14:00:00,auditorio,1468,29.5,51.1,257,25.4,67.2,1,0,moderada
2025-03-04 14:20:00,auditorio,1539,25.6,45.2,310,25.6,58.7,0,0,moderada
2025-03-04 14:40:00,auditorio,1535,17.4,33.6,278,23.5,60.9,0,1,moderada
2025-03-04 15:00:00,auditorio,1420,30.7,56.4,297,25.4,68.1,1,1,ruim
2025-03-04 15:20:00,auditorio,1481,26.3,48.5,305,24.9,57.9,0,0,moderada
2025-03-04 15:40:00,auditorio,1566,15,31.3,300,26.1,62.6,0,0,moderada
2025-03-04 16:00:00,auditorio,1538,21.3,46.1,248,25.3,61.5,0,1,moderada
2025-03-04 16:20:00,auditorio,1471,31.2,66.8,421,24.2,70.9,1,1,ruim
2025-03-04 16:40:00,auditorio,1457,22.6,50.2,252,25.2,67.3,1,0,moderada
2025-03-04 17:00:00,auditorio,1518,12.2,25.6,318,25.8,55.8,0,0,moderada
2025-03-04 17:20:00,auditorio,1440,27.2,57.5,329,26.1,59.8,1,1,moderada
2025-03-04 17:40:00,auditorio,1533,22.6,34.2,271,23.6,58.3,0,0,moderada
2025-03-04 18:00:00,auditorio,1535,19.3,40.1,325,25.4,61.1,0,1,moderada
2025-03-04 18:20:00,auditorio,1468,31.7,60.4,227,25.5,66.4,1,1,ruim
2025-03-04 18:40:00,auditorio,1537,19.1,33.1,306,24.4,62,0,0,ruim
2025-03-04 19:00:00,auditorio,1512,13.4,22.9,196,23.5,61.4,0,0,moderada
2025-03-04 19:20:00,auditorio,1502,13.8,24.8,177,22.1,55.4,0,0,moderada
2025-03-04 19:40:00,auditorio,1465,15.4,27.3,130,23.8,60.2,0,0,moderada
2025-03-04 20:00:00,auditorio,1458,15.5,32.6,59,23.5,57.3,0,0,moderada
2025-03-04 20:20:00,auditorio,1433,14.7,26.2,40,22.7,58.2,0,0,moderada
2025-03-04 20:40:00,auditorio,1413,8.7,15.3,164,23.9,55.7,0,0,moderada
2025-03-04 21:00:00,auditorio,1387,4.7,9.6,107,21.6,56.6,0,0,moderada
2025-03-04 21:20:00,auditorio,1386,7.7,12.4,122,22.5,59.6,0,0,moderada
2025-03-04 21:40:00,auditorio,1339,6.3,8.5,228,23.8,64.8,0,0,moderada
2025-03-04 22:00:00,auditorio,1351,7.7,17.2,129,22.9,57.8,0,0,boa
2025-03-04 22:20:00,auditorio,1338,12.4,24.4,119,23.8,63.5,0,0,moderada
2025-03-04 22:40:00,auditorio,1312,5.1,17.5,178,23.9,57.7,0,0,boa
2025-03-04 23:00:00,auditorio,1290,12.2,22.3,130,22.8,57.5,0,0,boa
2025-03-04 23:20:00,auditorio,1267,14.9,31.2,157,22.4,57.3,0,0,moderada
2025-03-04 23:40:00,auditorio,1221,11.2,17.5,64,21.9,60.2,0,0,boa
2025-03-05 00:00:00,auditorio,1208,8.3,16.1,183,22.5,55.9,0,0,boa
2025-03-05 00:20:00,auditorio,1220,13.1,26.4,169,22.8,55.6,0,0,boa
2025-03-05 00:40:00,auditorio,1181,11.9,26.3,50,22.5,57.2,0,0,boa
2025-03-05 01:00:00,auditorio,1187,7.9,13.9,244,22.5,62.2,0,0,boa
2025-03-05 01:20:00,auditorio,1182,19.6,28.6,138,22.8,58.8,0,0,boa
2025-03-05 01:40:00,auditorio,1162,21.7,46.7,169,21.7,56.9,0,0,moderada
2025-03-05 02:00:00,auditorio,1139,10,19.7,131,22.9,60.9,0,0,boa
2025-03-05 02:20:00,auditorio,1147,7.2,10.6,108,21.7,60.2,0,0,boa
2025-03-05 02:40:00,auditorio,1116,8.8,18.1,161,22.3,61.1,0,0,boa
2025-03-05 03:00:00,auditorio,1103,8.5,19.6,40,23.1,57.4,0,0,boa
2025-03-05 03:20:00,auditorio,1089,13.6,28.9,106,22.5,56.2,0,0,boa
2025-03-05 03:40:00,auditorio,1079,10.6,25.1,121,24.6,60,0,0,boa
2025-03-05 04:00:00,auditorio,1077,8.6,22.8,194,22.8,56.3,0,0,boa
2025-03-05 04:20:00,auditorio,1075,8.9,14.3,170,22.2,57.3,0,0,boa
2025-03-05 04:40:00,auditorio,1083,14.9,29.4,86,21.9,58.9,0,0,boa
2025-03-05 05:00:00,auditorio,1074,2,3,90,23.1,56.1,0,0,boa
2025-03-05 05:20:00,auditorio,1033,11.1,27.3,164,23.4,55.8,0,0,boa
2025-03-05 05:40:00,auditorio,1026,10.7,21.4,178,22.5,55.6,0,0,boa
2025-03-05 06:00:00,auditorio,1036,12.4,19.1,186,22.5,58.2,0,0,boa
2025-03-05 06:20:00,auditorio,1023,14.1,27.9,68,24.2,62,0,0,boa
2025-03-05 06:40:00,auditorio,1008,13.2,22.2,53,22.3,58.1,0,0,boa
2025-03-05 07:00:00,auditorio,1008,15.7,30.9,115,22.8,62.3,0,0,boa
2025-03-05 07:20:00,auditorio,997,9.5,18.7,125,23.4,54.2,0,0,boa
2025-03-05 07:40:00,auditorio,1012,16.3,33.6,157,23.8,56.8,0,0,boa
2025-03-05 08:00:00,auditorio,1092,18.5,42.8,263,25.4,59.8,0,0,boa
2025-03-05 08:20:00,auditorio,1154,22,41.8,207,26.1,60.8,0,0,moderada
2025-03-05 08:40:00,auditorio,1177,29.4,48.5,367,26.5,64.8,1,0,ruim
2025-03-05 09:00:00,auditorio,1218,35.2,68.9,288,26,67.8,1,0,ruim
2025-03-05 09:20:00,auditorio,1304,21,41.9,301,23.9,56.4,0,0,boa
2025-03-05 09:40:00,auditorio,1397,20,36.2,315,25.6,61.6,0,0,ruim
2025-03-05 10:00:00,auditorio,1459,21.3,40.6,247,25.3,61.7,0,0,moderada
2025-03-05 10:20:00,auditorio,1521,15.5,28.3,303,24,51.6,0,0,moderada
2025-03-05 10:40:00,auditorio,1511,16.3,32.4,316,25.4,59.9,0,1,moderada
2025-03-05 11:00:00,auditorio,1477,16.4,31.5,268,25.2,61.9,0,1,moderada
2025-03-05 11:20:00,auditorio,1558,23.3,42,256,23.9,56.2,0,0,moderada
2025-03-05 11:40:00,auditorio,1558,18.4,34.2,375,25.6,52.3,0,1,moderada
2025-03-05 12:00:00,auditorio,1546,13.7,28.3,170,25.7,57.5,0,1,moderada
2025-03-05 12:20:00,auditorio,1527,18.6,35.6,204,25.1,59.9,0,1,moderada
2025-03-05 12:40:00,auditorio,1460,29.7,58.7,325,25.3,61.5,1,1,ruim
2025-03-05 13:00:00,auditorio,1421,6.8,10.3,110,23.5,58.5,0,0,moderada
2025-03-05 13:20:00,auditorio,1411,7.9,13.5,141,24.4,61.4,0,0,moderada
2025-03-05 13:40:00,auditorio,1395,8.3,18.7,96,23.8,60.7,0,0,moderada
2025-03-05 14:00:00,auditorio,1465,26.5,50.7,286,24.5,57.9,0,0,ruim
2025-03-05 14:20:00,auditorio,1482,29.8,57.1,229,24.9,62.2,1,0,ruim
2025-03-05 14:40:00,auditorio,1541,25.9,50.4,257,25.7,62.8,0,0,moderada
2025-03-05 15:00:00,auditorio,1536,21.7,39.2,274,25,59.8,0,1,moderada
2025-03-05 15:20:00,auditorio,1432,30.5,54.7,340,25.2,71.8,1,1,ruim
2025-03-05 15:40:00,auditorio,1521,17.3,33.6,185,25.9,60.2,0,0,moderada
2025-03-05 16:00:00,auditorio,1529,17.3,30.1,263,23.4,52.7,0,1,moderada
2025-03-05 16:20:00,auditorio,1443,30.8,70.4,343,24.6,68.1,1,1,ruim
2025-03-05 16:40:00,auditorio,1441,28.9,51.6,246,25.8,66.7,1,0,moderada
2025-03-05 17:00:00,auditorio,1522,26.1,44.2,296,26.4,56.7,0,0,moderada
2025-03-05 17:20:00,auditorio,1535,23.3,57.9,306,25.4,64.3,0,1,moderada
2025-03-05 17:40:00,auditorio,1451,34.5,63.5,236,24.9,66.4,1,1,ruim
2025-03-05 18:00:00,auditorio,1528,19.6,39.4,213,24.8,55.9,0,0,moderada
2025-03-05 18:20:00,auditorio,1542,23.9,47.9,192,24.4,55.3,0,1,ruim
