timestamp,nivel_pct,volume_m3,vazao_entrada_l_min,vazao_saida_l_min,pressao_bar,bomba_ligada,temperatura_agua_c,vazamento_suspeito
2025-03-03 00:00:00,71.62,35.809,1.75,20.83,2.044,0,22.4,0
2025-03-03 00:10:00,71.34,35.671,0.1,13.96,2.068,0,23.1,0
2025-03-03 00:20:00,71.01,35.503,1.3,18.11,2.039,0,22.4,0
2025-03-03 00:30:00,70.79,35.396,0.35,11.02,2.033,0,22.8,0
2025-03-03 00:40:00,70.45,35.223,1.31,18.57,2.003,0,22.9,0
2025-03-03 00:50:00,70.17,35.086,0.51,14.19,2.011,0,22.8,0
2025-03-03 01:00:00,69.93,34.964,2.68,14.88,2.057,0,22.1,0
2025-03-03 01:10:00,69.75,34.875,0.5,9.44,2.007,0,22.7,0
2025-03-03 01:20:00,69.53,34.763,0.63,11.87,1.962,0,22.3,0
2025-03-03 01:30:00,69.14,34.572,1.95,21,2.055,0,22.3,0
2025-03-03 01:40:00,68.82,34.41,0.13,16.36,2.015,0,22.7,0
2025-03-03 01:50:00,68.58,34.292,2.18,13.9,1.986,0,21.6,0
2025-03-03 02:00:00,68.34,34.169,1.9,14.29,1.99,0,22.3,0
2025-03-03 02:10:00,68.08,34.038,1.27,14.33,1.986,0,21.5,0
2025-03-03 02:20:00,67.77,33.885,0.82,16.1,1.96,0,21.7,0
2025-03-03 02:30:00,67.37,33.685,1.32,21.38,1.969,0,21.7,0
2025-03-03 02:40:00,67.06,33.531,2.44,17.79,1.961,0,21.9,0
2025-03-03 02:50:00,66.81,33.404,0.97,13.72,2.001,0,22.7,0
2025-03-03 03:00:00,66.54,33.271,1.13,14.35,1.95,0,21.1,0
2025-03-03 03:10:00,66.3,33.151,0.9,12.93,1.96,0,21.5,0
2025-03-03 03:20:00,65.95,32.977,1.41,18.83,1.917,0,22.1,0
2025-03-03 03:30:00,65.77,32.886,1.98,11.06,1.902,0,21.5,0
2025-03-03 03:40:00,65.51,32.754,1.59,14.81,1.948,0,21.8,0
2025-03-03 03:50:00,65.25,32.623,0.91,13.98,1.989,0,22.1,0
2025-03-03 04:00:00,64.92,32.459,0.73,17.15,1.897,0,22,0
2025-03-03 04:10:00,64.48,32.239,1.91,23.91,1.931,0,21.1,0
2025-03-03 04:20:00,64.08,32.039,1.13,21.17,1.93,0,21.9,0
2025-03-03 04:30:00,63.57,31.783,0.94,26.52,1.883,0,21.9,0
2025-03-03 04:40:00,63.27,31.633,0.69,15.66,1.863,0,21.8,0
2025-03-03 04:50:00,62.98,31.488,0.61,15.16,1.912,0,21.5,0
2025-03-03 05:00:00,62.46,31.228,1.64,27.57,1.847,0,21.4,0
2025-03-03 05:10:00,61.95,30.975,1.77,27.09,1.827,0,21.3,0
2025-03-03 05:20:00,61.43,30.713,1.05,27.31,1.823,0,21.6,0
2025-03-03 05:30:00,60.94,30.471,1.28,25.4,1.837,0,21.5,0
2025-03-03 05:40:00,60.34,30.171,1.67,31.72,1.77,0,21.2,0
2025-03-03 05:50:00,59.87,29.935,0.81,24.41,1.873,0,21.4,0
2025-03-03 06:00:00,59.21,29.603,2.33,35.56,1.8,0,22.2,0
2025-03-03 06:10:00,58.44,29.221,1.46,39.61,1.835,0,22,0
2025-03-03 06:20:00,57.77,28.887,1.55,34.93,1.77,0,21.6,0
2025-03-03 06:30:00,56.97,28.484,0.11,40.43,1.755,0,22.4,0
2025-03-03 06:40:00,56.24,28.122,0.91,37.09,1.731,0,21.1,0
2025-03-03 06:50:00,55.67,27.834,0.42,29.2,1.751,0,22.4,0
2025-03-03 07:00:00,54.71,27.355,1.07,48.99,1.694,0,22.4,0
2025-03-03 07:10:00,53.84,26.921,1.97,45.35,1.689,0,21.3,0
2025-03-03 07:20:00,52.95,26.475,0.61,45.23,1.669,0,22.3,0
2025-03-03 07:30:00,51.92,25.962,2.14,53.47,1.638,0,22.3,0
2025-03-03 07:40:00,50.87,25.435,1.23,53.94,1.596,0,22.8,0
2025-03-03 07:50:00,49.87,24.937,1.27,51.03,1.577,0,21.3,0
2025-03-03 08:00:00,48.79,24.397,1.42,55.47,1.542,0,22.9,0
2025-03-03 08:10:00,47.81,23.906,1.12,50.19,1.55,0,22.5,0
2025-03-03 08:20:00,46.7,23.352,1.09,56.49,1.569,0,22.9,0
2025-03-03 08:30:00,45.69,22.843,2.03,52.88,1.506,0,22.6,0
2025-03-03 08:40:00,44.66,22.329,0.46,51.9,1.495,0,22.7,0
2025-03-03 08:50:00,45.71,22.857,99.65,46.82,1.862,1,23.1,0
2025-03-03 09:00:00,46.86,23.429,100.87,43.72,1.902,1,23.4,0
2025-03-03 09:10:00,47.82,23.912,92.18,43.91,1.902,1,23.6,0
2025-03-03 09:20:00,48.73,24.364,93.54,48.25,1.962,1,23.5,0
2025-03-03 09:30:00,49.59,24.794,93.24,50.26,1.933,1,23.2,0
2025-03-03 09:40:00,50.58,25.292,95.17,45.36,1.961,1,23.4,0
2025-03-03 09:50:00,51.53,25.763,96.69,49.62,2.004,1,22.8,0
2025-03-03 10:00:00,52.59,26.296,94.96,41.63,1.983,1,23.9,0
2025-03-03 10:10:00,53.74,26.872,96.11,38.53,1.997,1,23.3,0
2025-03-03 10:20:00,54.94,27.472,99.38,39.45,2.022,1,23.7,0
2025-03-03 10:30:00,56.23,28.114,95.5,31.21,2.095,1,23.8,0
2025-03-03 10:40:00,57.53,28.766,105.26,40.06,2.122,1,23.9,0
2025-03-03 10:50:00,58.67,29.335,96.15,39.29,2.14,1,23.8,0
2025-03-03 11:00:00,60.03,30.015,90.19,22.16,2.17,1,24.8,0
2025-03-03 11:10:00,61.49,30.747,97.74,24.55,2.174,1,24.1,0
2025-03-03 11:20:00,62.8,31.401,93.69,28.31,2.244,1,24.6,0
2025-03-03 11:30:00,64.25,32.124,99.18,26.86,2.263,1,24.2,0
2025-03-03 11:40:00,65.54,32.769,96.68,32.16,2.266,1,25.6,0
2025-03-03 11:50:00,67.04,33.521,94.9,19.69,2.316,1,25,0
2025-03-03 12:00:00,68.39,34.195,89.02,21.61,2.392,1,25.4,0
2025-03-03 12:10:00,69.89,34.943,93.02,18.21,2.38,1,25.2,0
2025-03-03 12:20:00,71.47,35.733,97.55,18.57,2.344,1,25.3,0
2025-03-03 12:30:00,73.13,36.564,99.27,16.15,2.479,1,25,0
2025-03-03 12:40:00,74.57,37.284,94.28,22.29,2.453,1,24.9,0
2025-03-03 12:50:00,76.08,38.042,97.86,22.08,2.509,1,25.5,0
2025-03-03 13:00:00,77.68,38.842,95.99,16.04,2.54,1,26.1,0
2025-03-03 13:10:00,79.35,39.673,99.17,16.01,2.596,1,25.3,0
2025-03-03 13:20:00,80.85,40.427,96.98,21.59,2.595,1,25.8,0
2025-03-03 13:30:00,82.42,41.211,95.43,17.01,2.574,1,25.5,0
2025-03-03 13:40:00,83.88,41.939,97.89,25.06,2.66,1,25.4,0
2025-03-03 13:50:00,85.45,42.727,94.48,15.72,2.725,1,25.8,0
2025-03-03 14:00:00,87.05,43.524,97.6,17.86,2.671,1,26.3,0
2025-03-03 14:10:00,88.52,44.259,97.83,24.35,2.744,1,26.5,0
2025-03-03 14:20:00,88.15,44.075,0.87,19.34,2.427,0,26.7,0
2025-03-03 14:30:00,87.83,43.913,0.57,16.72,2.4,0,27,0
2025-03-03 14:40:00,87.35,43.674,1.66,25.59,2.351,0,25.9,0
2025-03-03 14:50:00,86.87,43.434,0,23.94,2.363,0,26.5,0
2025-03-03 15:00:00,86.33,43.166,0.88,27.74,2.375,0,26.9,0
2025-03-03 15:10:00,85.75,42.877,1.43,30.37,2.356,0,26.2,0
2025-03-03 15:20:00,85.21,42.607,0.72,27.67,2.378,0,25.9,0
2025-03-03 15:30:00,84.73,42.364,1.38,25.73,2.346,0,26.7,0
2025-03-03 15:40:00,84.17,42.083,1.33,29.36,2.318,0,26.4,0
2025-03-03 15:50:00,83.64,41.819,0.42,26.8,2.284,0,26.3,0
2025-03-03 16:00:00,82.86,41.428,1.19,40.3,2.262,0,26.3,0
2025-03-03 16:10:00,82.11,41.056,1.9,39.18,2.255,0,26.6,0
2025-03-03 16:20:00,81.41,40.703,1.5,36.74,2.286,0,26.1,0
2025-03-03 16:30:00,80.71,40.353,1.9,36.95,2.249,0,26.5,0
2025-03-03 16:40:00,79.87,39.933,2.04,43.98,2.22,0,25.8,0
2025-03-03 16:50:00,79.28,39.64,1.41,30.77,2.211,0,26.3,0
2025-03-03 17:00:00,78.49,39.245,1.42,40.89,2.245,0,26.4,0
2025-03-03 17:10:00,77.61,38.804,0.89,44.98,2.172,0,25.8,0
2025-03-03 17:20:00,76.61,38.305,0.57,50.53,2.15,0,26.2,0
2025-03-03 17:30:00,75.69,37.847,1.42,47.2,2.153,0,26.1,0
2025-03-03 17:40:00,74.78,37.389,0.93,46.68,2.138,0,26.5,0
2025-03-03 17:50:00,73.9,36.948,1.54,45.7,2.098,0,25.8,0
2025-03-03 18:00:00,72.85,36.425,0.67,52.94,2.121,0,26.8,0
2025-03-03 18:10:00,71.8,35.901,1.31,53.66,2.024,0,25.6,0
2025-03-03 18:20:00,70.89,35.447,0.95,46.34,2.023,0,26,0
2025-03-03 18:30:00,69.97,34.987,1.73,47.76,1.961,0,26.4,0
2025-03-03 18:40:00,69.03,34.516,2.36,49.43,1.992,0,26.2,0
2025-03-03 18:50:00,68.24,34.119,1.7,41.43,2.003,0,25.4,0
2025-03-03 19:00:00,67.37,33.685,1.88,45.26,1.982,0,25.3,0
2025-03-03 19:10:00,66.44,33.218,0.64,47.36,1.979,0,26.1,0
2025-03-03 19:20:00,65.47,32.735,1.22,49.52,1.918,0,26.1,0
2025-03-03 19:30:00,64.67,32.337,1.35,41.12,1.972,0,25.9,0
2025-03-03 19:40:00,63.71,31.857,0.63,48.7,1.859,0,25.9,0
2025-03-03 19:50:00,62.9,31.449,0.83,41.62,1.853,0,24.5,0
2025-03-03 20:00:00,62.31,31.155,1.84,31.2,1.833,0,24.2,0
2025-03-03 20:10:00,61.67,30.837,1.83,33.68,1.864,0,25.6,0
2025-03-03 20:20:00,60.99,30.497,0.77,34.73,1.823,0,25.4,0
2025-03-03 20:30:00,60.31,30.153,1.51,35.95,1.804,0,24,0
2025-03-03 20:40:00,59.58,29.791,1.39,37.61,1.815,0,25.2,0
2025-03-03 20:50:00,59.05,29.523,0.61,27.39,1.791,0,25.1,0
2025-03-03 21:00:00,58.45,29.226,0.96,30.61,1.771,0,24.9,0
2025-03-03 21:10:00,57.86,28.932,2.16,31.58,1.789,0,24.6,0
2025-03-03 21:20:00,57.46,28.728,2.06,22.44,1.72,0,24.7,0
2025-03-03 21:30:00,56.9,28.451,0.3,28,1.752,0,24.7,0
2025-03-03 21:40:00,56.36,28.18,0.96,28.11,1.751,0,24.5,0
2025-03-03 21:50:00,55.74,27.871,0.76,31.64,1.738,0,24.3,0
2025-03-03 22:00:00,55.23,27.617,0.51,25.89,1.725,0,23.4,0
2025-03-03 22:10:00,54.75,27.373,1.92,26.36,1.702,0,24.6,0
2025-03-03 22:20:00,54.32,27.162,1.72,22.84,1.75,0,23.8,0
2025-03-03 22:30:00,53.84,26.919,0.57,24.81,1.668,0,24.2,0
2025-03-03 22:40:00,53.42,26.711,2,22.88,1.656,0,23.6,0
2025-03-03 22:50:00,53,26.5,0.75,21.8,1.694,0,24.1,0
2025-03-03 23:00:00,52.79,26.396,1.91,12.37,1.668,0,23,0
2025-03-03 23:10:00,52.38,26.192,0.7,21.03,1.64,0,23.8,0
2025-03-03 23:20:00,52.05,26.024,1.33,18.14,1.674,0,23.7,0
2025-03-03 23:30:00,51.84,25.918,1.71,12.32,1.661,0,23.4,0
2025-03-03 23:40:00,51.49,25.746,0.94,18.1,1.595,0,23.6,0
2025-03-03 23:50:00,51.1,25.552,0.03,19.44,1.617,0,23,0
2025-03-04 00:00:00,50.74,25.371,1.55,19.7,1.561,0,22.7,0
2025-03-04 00:10:00,50.44,25.221,1.32,16.26,1.6,0,22.6,0
2025-03-04 00:20:00,50.19,25.096,1.02,13.57,1.624,0,22.9,0
2025-03-04 00:30:00,50.02,25.012,0,8.45,1.594,0,22.5,0
2025-03-04 00:40:00,49.76,24.878,1.25,14.62,1.618,0,22.8,0
2025-03-04 00:50:00,49.42,24.712,1.57,18.2,1.639,0,22.9,0
2025-03-04 01:00:00,49.19,24.595,1.12,12.74,1.598,0,21.4,0
2025-03-04 01:10:00,48.95,24.476,1.75,13.68,1.528,0,22.9,0
2025-03-04 01:20:00,48.71,24.355,1.38,13.49,1.564,0,22.7,0
2025-03-04 01:30:00,48.44,24.222,1.17,14.45,1.556,0,22.4,0
2025-03-04 01:40:00,48.13,24.066,1.25,16.83,1.558,0,22.6,0
2025-03-04 01:50:00,47.75,23.876,1.3,20.28,1.57,0,22.9,0
2025-03-04 02:00:00,47.38,23.692,0.97,19.35,1.515,0,22.6,0
2025-03-04 02:10:00,47.15,23.574,0.71,12.58,1.57,0,23.1,0
2025-03-04 02:20:00,46.83,23.417,1.47,17.15,1.57,0,22.4,0
2025-03-04 02:30:00,46.63,23.314,1.11,11.4,1.513,0,22,0
2025-03-04 02:40:00,45.88,22.939,2.17,39.72,1.503,0,22.2,1
2025-03-04 02:50:00,45.15,22.573,1.23,37.82,1.513,0,21.5,1
2025-03-04 03:00:00,44.33,22.166,1.77,42.49,1.469,0,21,1
2025-03-04 03:10:00,45.51,22.755,89.94,31,1.836,1,22.1,1
2025-03-04 03:20:00,46.64,23.318,99.62,43.32,1.883,1,22.7,1
2025-03-04 03:30:00,47.72,23.86,90.54,36.37,1.951,1,22.1,1
2025-03-04 03:40:00,49.03,24.516,97.52,31.85,1.941,1,21.5,1
2025-03-04 03:50:00,50.11,25.056,96.31,42.3,1.959,1,21.7,1
2025-03-04 04:00:00,51.19,25.594,95.04,41.25,1.995,1,21.7,1
2025-03-04 04:10:00,52.23,26.117,88.99,36.67,2.03,1,21.4,1
2025-03-04 04:20:00,53.22,26.608,92.69,43.61,2.02,1,22.6,1
2025-03-04 04:30:00,54.25,27.123,92.74,41.29,2.016,1,21.6,1
2025-03-04 04:40:00,55.23,27.613,92.58,43.56,2.046,1,22,1
2025-03-04 04:50:00,56.5,28.251,93.74,29.95,2.083,1,21.3,1
2025-03-04 05:00:00,57.46,28.729,97.15,49.31,2.118,1,21.8,1
2025-03-04 05:10:00,58.43,29.216,93.76,45.15,2.167,1,21.3,1
2025-03-04 05:20:00,59.23,29.617,92.49,52.33,2.094,1,21.9,1
2025-03-04 05:30:00,60.29,30.146,99.47,46.61,2.219,1,22.2,1
2025-03-04 05:40:00,61.19,30.596,93.94,48.91,2.157,1,21.7,1
2025-03-04 05:50:00,61.97,30.984,90.46,51.66,2.151,1,21.9,1
2025-03-04 06:00:00,62.81,31.403,97.58,55.69,2.221,1,21.7,1
2025-03-04 06:10:00,63.65,31.825,99.01,56.81,2.195,1,21.6,1
2025-03-04 06:20:00,64.47,32.234,99.25,58.3,2.291,1,22.2,1
2025-03-04 06:30:00,65.3,32.651,95.97,54.26,2.26,1,22,1
2025-03-04 06:40:00,66.3,33.148,94.39,44.76,2.269,1,22,1
2025-03-04 06:50:00,67,33.5,101.1,65.85,2.372,1,21.9,1
2025-03-04 07:00:00,67.58,33.792,101.37,72.21,2.308,1,21.7,1
2025-03-04 07:10:00,67.99,33.993,86.07,65.99,2.373,1,21.9,1
2025-03-04 07:20:00,68.48,34.242,96.88,71.97,2.384,1,22.1,1
2025-03-04 07:30:00,69.15,34.577,99.2,65.69,2.404,1,22.5,1
2025-03-04 07:40:00,69.69,34.847,93.7,66.66,2.345,1,21.8,1
2025-03-04 07:50:00,70.26,35.131,101.25,72.91,2.323,1,21.6,1
2025-03-04 08:00:00,70.62,35.308,93.72,75.95,2.412,1,22.4,1
2025-03-04 08:10:00,71.1,35.548,95.9,71.94,2.383,1,22.3,1
2025-03-04 08:20:00,71.7,35.852,98.49,68.11,2.427,1,22.5,1
2025-03-04 08:30:00,72.16,36.079,95.86,73.18,2.401,1,23,1
2025-03-04 08:40:00,72.81,36.405,96.24,63.59,2.462,1,22.3,1
2025-03-04 08:50:00,73.27,36.635,92.71,69.69,2.445,1,22.7,1
2025-03-04 09:00:00,73.78,36.89,92.89,67.47,2.441,1,23.8,1
2025-03-04 09:10:00,74.49,37.243,100.88,65.53,2.497,1,22.7,1
2025-03-04 09:20:00,75.09,37.546,96.18,65.85,2.497,1,23.8,1
2025-03-04 09:30:00,75.73,37.863,100.17,68.47,2.523,1,23.5,1
2025-03-04 09:40:00,76.02,38.008,91.11,76.61,2.444,1,23.3,1
2025-03-04 09:50:00,76.57,38.285,97.1,69.46,2.492,1,23.9,1
2025-03-04 10:00:00,77.34,38.672,97.25,58.52,2.492,1,24.4,1
2025-03-04 10:10:00,78.05,39.025,98.92,63.56,2.543,1,25.2,1
2025-03-04 10:20:00,79.27,39.637,93.88,32.76,2.581,1,23.8,0
2025-03-04 10:30:00,80.5,40.252,99.51,38.02,2.574,1,23.4,0
2025-03-04 10:40:00,81.63,40.816,96.52,40.04,2.611,1,23.7,0
2025-03-04 10:50:00,82.71,41.355,93.34,39.49,2.635,1,24.4,0
2025-03-04 11:00:00,84.28,42.139,102.93,24.46,2.646,1,24.7,0
2025-03-04 11:10:00,85.72,42.86,99.12,27.03,2.68,1,24.4,0
2025-03-04 11:20:00,86.97,43.483,92.59,30.32,2.716,1,25.5,0
2025-03-04 11:30:00,88.23,44.116,95.04,31.74,2.754,1,24.9,0
2025-03-04 11:40:00,87.77,43.885,0.85,23.98,2.406,0,25,0
2025-03-04 11:50:00,87.19,43.597,0.02,28.75,2.409,0,24.8,0
2025-03-04 12:00:00,86.8,43.398,1.34,21.28,2.344,0,25.7,0
2025-03-04 12:10:00,86.2,43.101,0.79,30.55,2.37,0,25.2,0
2025-03-04 12:20:00,85.91,42.954,0.49,15.17,2.331,0,25.8,0
2025-03-04 12:30:00,85.65,42.824,1.06,14.08,2.374,0,25.6,0
2025-03-04 12:40:00,85.21,42.604,0.66,22.62,2.32,0,25,0
2025-03-04 12:50:00,84.84,42.42,0.35,18.76,2.287,0,25.9,0
2025-03-04 13:00:00,84.41,42.206,0.86,22.27,2.371,0,25.5,0
2025-03-04 13:10:00,84.13,42.065,1.73,15.82,2.282,0,25.4,0
2025-03-04 13:20:00,83.82,41.909,0.93,16.53,2.31,0,25.4,0
2025-03-04 13:30:00,83.5,41.75,2.21,18.13,2.3,0,24.8,0
2025-03-04 13:40:00,83.1,41.551,1.96,21.85,2.317,0,25.9,0
2025-03-04 13:50:00,82.87,41.436,1.19,12.64,2.317,0,25.5,0
2025-03-04 14:00:00,82.5,41.249,1.88,20.61,2.227,0,26.8,0
2025-03-04 14:10:00,81.96,40.979,0.5,27.54,2.24,0,25.7,0
2025-03-04 14:20:00,81.44,40.722,2.53,28.18,2.307,0,26.4,0
2025-03-04 14:30:00,81.05,40.523,2.14,22.03,2.263,0,26.3,0
2025-03-04 14:40:00,80.61,40.303,0.84,22.85,2.231,0,26.6,0
2025-03-04 14:50:00,80.15,40.076,1.34,24.01,2.217,0,26.2,0
2025-03-04 15:00:00,79.61,39.803,1.28,28.6,2.207,0,26.3,0
2025-03-04 15:10:00,78.98,39.49,0.71,32.03,2.179,0,26,0
2025-03-04 15:20:00,78.52,39.262,0.54,23.37,2.216,0,26.3,0
2025-03-04 15:30:00,77.91,38.953,0.81,31.7,2.171,0,26.6,0
2025-03-04 15:40:00,77.48,38.742,1.47,22.62,2.224,0,26.9,0
2025-03-04 15:50:00,76.91,38.457,2.16,30.64,2.172,0,25.4,0
2025-03-04 16:00:00,76.28,38.142,2.17,33.66,2.176,0,27.2,0
2025-03-04 16:10:00,75.52,37.758,0.88,39.31,2.107,0,26.4,0
2025-03-04 16:20:00,74.78,37.389,1.57,38.47,2.095,0,27,0
2025-03-04 16:30:00,73.98,36.989,0.07,40.03,2.102,0,26.6,0
2025-03-04 16:40:00,73.37,36.686,0.53,30.82,2.165,0,26.7,0
2025-03-04 16:50:00,72.52,36.258,0.42,43.24,2.115,0,26.2,0
2025-03-04 17:00:00,71.61,35.804,0.96,46.36,2.108,0,26,0
2025-03-04 17:10:00,70.76,35.378,0.53,43.16,2.044,0,26,0
2025-03-04 17:20:00,69.81,34.907,0.76,47.87,1.994,0,26.1,0
2025-03-04 17:30:00,68.93,34.467,2.09,46.02,2.026,0,26.9,0
2025-03-04 17:40:00,68.02,34.009,1.21,47.03,1.995,0,26,0
2025-03-04 17:50:00,67.11,33.554,2.47,47.96,1.938,0,26.1,0
2025-03-04 18:00:00,66.02,33.012,0.6,54.79,1.901,0,26,0
2025-03-04 18:10:00,64.97,32.485,1.22,53.98,1.925,0,26.5,0
2025-03-04 18:20:00,63.96,31.979,0.86,51.42,1.885,0,26,0
2025-03-04 18:30:00,63.17,31.583,1.19,40.81,1.887,0,26.3,0
2025-03-04 18:40:00,62.1,31.052,0.59,53.68,1.886,0,26,0
2025-03-04 18:50:00,61.1,30.55,0.75,50.95,1.856,0,25.5,0
2025-03-04 19:00:00,60.19,30.097,0.94,46.22,1.789,0,25.9,0
2025-03-04 19:10:00,59.24,29.621,0.44,48.06,1.765,0,25.7,0
2025-03-04 19:20:00,58.36,29.182,1.18,45.11,1.781,0,25.4,0
2025-03-04 19:30:00,57.46,28.732,1.3,46.21,1.748,0,25.6,0
2025-03-04 19:40:00,56.61,28.304,0.62,43.44,1.737,0,25.6,0
2025-03-04 19:50:00,55.78,27.889,1.91,43.39,1.714,0,25.8,0
2025-03-04 20:00:00,54.97,27.486,1.57,41.94,1.715,0,25.3,0
2025-03-04 20:10:00,54.3,27.148,1.43,35.17,1.713,0,25.3,0
2025-03-04 20:20:00,53.56,26.781,0.53,37.22,1.672,0,25.7,0
2025-03-04 20:30:00,52.73,26.363,1.73,43.54,1.607,0,24.7,0
2025-03-04 20:40:00,52.03,26.016,1.87,36.57,1.635,0,24.5,0
2025-03-04 20:50:00,51.37,25.684,1.68,34.94,1.603,0,25.4,0
2025-03-04 21:00:00,50.77,25.383,0.7,30.77,1.644,0,24.8,0
2025-03-04 21:10:00,50.24,25.119,0.56,27.01,1.628,0,24.3,0
2025-03-04 21:20:00,49.75,24.875,0.24,24.55,1.638,0,24.8,0
2025-03-04 21:30:00,49.26,24.632,1.1,25.46,1.626,0,24.6,0
2025-03-04 21:40:00,48.69,24.343,1.86,30.79,1.545,0,24.4,0
2025-03-04 21:50:00,48.14,24.068,0.92,28.37,1.565,0,25.2,0
2025-03-04 22:00:00,47.64,23.822,2.01,26.6,1.531,0,24,0
2025-03-04 22:10:00,47.23,23.614,1.43,22.26,1.516,0,24,0
2025-03-04 22:20:00,46.75,23.376,1.18,25.02,1.514,0,24.5,0
2025-03-04 22:30:00,46.24,23.122,0.47,25.82,1.497,0,24.2,0
2025-03-04 22:40:00,45.77,22.884,0.28,24.13,1.482,0,23.7,0
2025-03-04 22:50:00,45.42,22.708,1.13,18.67,1.474,0,23.3,0
2025-03-04 23:00:00,45.13,22.565,1.7,15.99,1.518,0,22.4,0
2025-03-04 23:10:00,44.78,22.391,1.06,18.54,1.534,0,23.2,0
2025-03-04 23:20:00,46.14,23.068,87.59,19.82,1.869,1,23.5,0
2025-03-04 23:30:00,47.67,23.836,93.26,16.5,1.895,1,23.7,0
2025-03-04 23:40:00,49.12,24.56,88.43,16.01,1.939,1,24,0
2025-03-04 23:50:00,50.55,25.276,86.75,15.13,1.925,1,23.2,0
2025-03-05 00:00:00,52.21,26.106,97.55,14.52,2.014,1,23,0
2025-03-05 00:10:00,53.67,26.833,88.01,15.36,2.006,1,22.6,0
2025-03-05 00:20:00,55.39,27.693,100.23,14.21,2.113,1,23.4,0
2025-03-05 00:30:00,57.09,28.544,96.32,11.24,2.084,1,22.9,0
2025-03-05 00:40:00,58.68,29.34,93.55,13.99,2.152,1,22.4,0
2025-03-05 00:50:00,60.14,30.07,93.88,20.81,2.18,1,22.5,0
2025-03-05 01:00:00,61.67,30.835,93.07,16.62,2.177,1,22.5,0
2025-03-05 01:10:00,63.27,31.636,97.06,16.93,2.189,1,22.2,0
2025-03-05 01:20:00,64.89,32.443,97.58,16.85,2.234,1,21.7,0
2025-03-05 01:30:00,66.42,33.21,93.24,16.59,2.326,1,22.8,0
2025-03-05 01:40:00,68.13,34.066,97.96,12.31,2.327,1,22.1,0
2025-03-05 01:50:00,69.76,34.879,97.22,15.96,2.355,1,21.5,0
2025-03-05 02:00:00,71.27,35.636,90.38,14.65,2.404,1,21.7,0
2025-03-05 02:10:00,72.89,36.444,99.01,18.26,2.422,1,22.5,0
2025-03-05 02:20:00,74.45,37.223,93.19,15.2,2.48,1,21.9,0
2025-03-05 02:30:00,76.12,38.059,96.47,12.96,2.465,1,22.1,0
2025-03-05 02:40:00,77.78,38.891,96.32,13.12,2.546,1,22.6,0
2025-03-05 02:50:00,79.36,39.678,92.84,14.09,2.566,1,21.7,0
2025-03-05 03:00:00,81.06,40.53,99.39,14.17,2.643,1,21.9,0
2025-03-05 03:10:00,82.65,41.323,97.58,18.3,2.654,1,21.8,0
2025-03-05 03:20:00,84.23,42.117,94.91,15.5,2.691,1,21.1,0
2025-03-05 03:30:00,85.75,42.875,97.31,21.51,2.688,1,21.5,0
2025-03-05 03:40:00,87.44,43.721,103.41,18.81,2.749,1,21.9,0
2025-03-05 03:50:00,89.05,44.523,93.07,12.92,2.853,1,21.7,0
2025-03-05 04:00:00,88.57,44.283,0.92,24.95,2.392,0,21.1,0
2025-03-05 04:10:00,88.17,44.085,0.41,20.13,2.471,0,21.3,0
2025-03-05 04:20:00,87.79,43.894,2.24,21.41,2.367,0,21.5,0
2025-03-05 04:30:00,87.34,43.668,0.9,23.49,2.391,0,21.8,0
2025-03-05 04:40:00,86.97,43.487,1.2,19.24,2.35,0,20.7,0
2025-03-05 04:50:00,86.7,43.352,0.97,14.45,2.391,0,22.9,0
2025-03-05 05:00:00,86.17,43.085,0.9,27.59,2.339,0,21.7,0
2025-03-05 05:10:00,85.66,42.828,1.69,27.45,2.344,0,21.8,0
2025-03-05 05:20:00,85.05,42.523,0.36,30.86,2.315,0,21.6,0
2025-03-05 05:30:00,84.6,42.298,0.54,23.07,2.341,0,21.1,0
2025-03-05 05:40:00,84.07,42.036,0.88,27.06,2.321,0,21.4,0
2025-03-05 05:50:00,83.53,41.764,0.18,27.41,2.318,0,21.8,0
2025-03-05 06:00:00,82.86,41.43,0.92,34.3,2.31,0,21.9,0
2025-03-05 06:10:00,82.21,41.104,2.15,34.75,2.295,0,21.8,0
2025-03-05 06:20:00,81.54,40.769,2.29,35.81,2.31,0,22,0
2025-03-05 06:30:00,80.89,40.444,1.51,33.99,2.226,0,22.6,0
2025-03-05 06:40:00,80.1,40.051,0,39.28,2.252,0,22.3,0
2025-03-05 06:50:00,79.38,39.69,1.2,37.27,2.236,0,21.8,0
2025-03-05 07:00:00,78.38,39.192,1.41,51.29,2.178,0,22.2,0
2025-03-05 07:10:00,77.45,38.724,0.87,47.65,2.209,0,22.5,0
2025-03-05 07:20:00,76.46,38.231,1.81,51.05,2.072,0,22.7,0
2025-03-05 07:30:00,75.46,37.728,0.83,51.12,2.157,0,22.5,0
2025-03-05 07:40:00,74.56,37.282,1.23,45.85,2.096,0,22.5,0
2025-03-05 07:50:00,73.69,36.845,1.63,45.37,2.085,0,22.2,0
2025-03-05 08:00:00,72.71,36.353,1.21,50.44,2.107,0,23,0
2025-03-05 08:10:00,71.82,35.908,1.71,46.18,2.064,0,22.7,0
2025-03-05 08:20:00,70.78,35.389,0.86,52.76,2.04,0,23.1,0
2025-03-05 08:30:00,69.86,34.931,1.02,46.77,2.033,0,22.7,0
2025-03-05 08:40:00,68.85,34.424,1.93,52.66,1.997,0,22.8,0
2025-03-05 08:50:00,67.67,33.836,0.26,59.04,1.925,0,22.3,0
2025-03-05 09:00:00,66.68,33.339,1.39,51.11,1.909,0,23.9,0
2025-03-05 09:10:00,65.8,32.898,1.81,45.94,1.883,0,23.6,0
2025-03-05 09:20:00,64.92,32.458,0.62,44.56,1.918,0,23.9,0
2025-03-05 09:30:00,63.96,31.982,1.07,48.75,1.92,0,23.9,0
2025-03-05 09:40:00,63.06,31.531,3.21,48.3,1.875,0,23.8,0
2025-03-05 09:50:00,62.16,31.082,1.3,46.12,1.872,0,23.2,0
2025-03-05 10:00:00,61.54,30.769,2.26,33.64,1.818,0,24.6,0
2025-03-05 10:10:00,60.76,30.38,1.67,40.58,1.835,0,23.3,0
2025-03-05 10:20:00,60.15,30.074,2.08,32.6,1.838,0,24.3,0
2025-03-05 10:30:00,59.42,29.712,0.99,37.2,1.811,0,24.4,0
2025-03-05 10:40:00,58.89,29.447,1.89,28.47,1.803,0,24.5,0
2025-03-05 10:50:00,58.07,29.034,1.11,42.39,1.825,0,24.3,0
2025-03-05 11:00:00,57.62,28.81,0.96,23.37,1.684,0,24.4,0
2025-03-05 11:10:00,57.13,28.564,2.28,26.84,1.743,0,24.8,0
2025-03-05 11:20:00,56.51,28.255,0.72,31.62,1.785,0,24.7,0
2025-03-05 11:30:00,55.97,27.984,1.66,28.72,1.714,0,25.2,0
2025-03-05 11:40:00,55.32,27.659,0.77,33.34,1.697,0,24.2,0
2025-03-05 11:50:00,54.73,27.365,1.83,31.23,1.666,0,24.6,0
2025-03-05 12:00:00,54.31,27.153,0.95,22.08,1.687,0,25.4,0
2025-03-05 12:10:00,53.96,26.981,1.75,18.96,1.699,0,25.5,0
2025-03-05 12:20:00,53.51,26.757,0.67,23.09,1.649,0,24.8,0
2025-03-05 12:30:00,53,26.501,1.28,26.91,1.638,0,25.3,0
2025-03-05 12:40:00,52.64,26.319,2.31,20.53,1.651,0,25.5,0
2025-03-05 12:50:00,52.24,26.122,1.24,20.92,1.618,0,24.8,0
2025-03-05 13:00:00,51.93,25.965,0.81,16.51,1.637,0,25.9,0
2025-03-05 13:10:00,51.64,25.818,2.37,17,1.677,0,25.9,0
2025-03-05 13:20:00,51.23,25.617,2.38,22.54,1.624,0,26.5,0
2025-03-05 13:30:00,50.92,25.458,1.84,17.76,1.641,0,26,0
2025-03-05 13:40:00,50.59,25.295,1.89,18.2,1.629,0,25.8,0
2025-03-05 13:50:00,50.27,25.133,0.78,16.97,1.663,0,25.4,0
2025-03-05 14:00:00,49.8,24.901,0.62,23.76,1.592,0,25.9,0
2025-03-05 14:10:00,49.33,24.667,0.09,23.49,1.61,0,26.1,0
2025-03-05 14:20:00,48.92,24.46,1.89,22.68,1.564,0,26.3,0
2025-03-05 14:30:00,48.46,24.229,0.83,23.92,1.54,0,25.4,0
2025-03-05 14:40:00,48.14,24.069,1.92,17.93,1.531,0,25.6,0
2025-03-05 14:50:00,47.71,23.857,1.63,22.77,1.606,0,25.4,0
2025-03-05 15:00:00,47.25,23.624,0,23.29,1.52,0,26.1,0
2025-03-05 15:10:00,46.84,23.419,0.74,21.3,1.561,0,26.2,0
2025-03-05 15:20:00,46.29,23.144,2.13,29.55,1.529,0,26.4,0
2025-03-05 15:30:00,45.78,22.891,1.87,27.19,1.506,0,26.8,0
2025-03-05 15:40:00,45.18,22.591,1.44,31.43,1.494,0,25.6,0
2025-03-05 15:50:00,44.62,22.31,1.43,29.56,1.502,0,26.4,0
2025-03-05 16:00:00,45.83,22.917,102.22,41.49,1.879,1,26.9,0
2025-03-05 16:10:00,46.81,23.407,88.96,39.95,1.856,1,26.7,0
2025-03-05 16:20:00,47.87,23.933,92.91,40.41,1.843,1,26.7,0
2025-03-05 16:30:00,49.06,24.53,95.59,35.8,1.929,1,27.1,0
2025-03-05 16:40:00,50.35,25.177,98.34,33.71,1.947,1,25.4,0
2025-03-05 16:50:00,51.38,25.691,86.56,35.17,2,1,26.8,0
2025-03-05 17:00:00,52.3,26.152,97.49,51.31,1.993,1,26.4,0
2025-03-05 17:10:00,53.27,26.635,92.74,44.51,1.993,1,27.2,0
2025-03-05 17:20:00,54.32,27.16,100.96,48.45,2.021,1,26.1,0
2025-03-05 17:30:00,55.31,27.655,92.42,42.87,2.092,1,26.5,0
2025-03-05 17:40:00,56.5,28.249,102.25,42.9,2.07,1,26.5,0
2025-03-05 17:50:00,57.64,28.819,99.68,42.63,2.076,1,25.5,0
2025-03-05 18:00:00,58.28,29.139,89.79,57.86,2.147,1,26.1,0
2025-03-05 18:10:00,59.25,29.623,93.43,45.05,2.155,1,26.4,0
2025-03-05 18:20:00,60.17,30.084,94.31,48.21,2.201,1,26.3,0
2025-03-05 18:30:00,61.11,30.556,97.99,50.72,2.148,1,26.1,0
2025-03-05 18:40:00,62.02,31.011,99.32,53.88,2.176,1,26.2,0
2025-03-05 18:50:00,62.9,31.448,93.19,49.41,2.225,1,25.5,0
2025-03-05 19:00:00,63.95,31.973,95.14,42.66,2.303,1,26.1,0
2025-03-05 19:10:00,64.87,32.434,96.58,50.5,2.232,1,26,0
2025-03-05 19:20:00,65.92,32.959,99.33,46.81,2.314,1,26.2,0
2025-03-05 19:30:00,66.91,33.457,98.9,49.09,2.335,1,24.3,0
2025-03-05 19:40:00,67.87,33.933,94.5,46.97,2.316,1,25.7,0
2025-03-05 19:50:00,68.88,34.438,93.34,42.78,2.336,1,25,0
2025-03-05 20:00:00,69.87,34.935,87.29,37.58,2.403,1,25.1,0
2025-03-05 20:10:00,71.17,35.583,100.11,35.32,2.388,1,25.7,0
2025-03-05 20:20:00,72.2,36.099,91.48,39.9,2.388,1,25.1,0
2025-03-05 20:30:00,73.48,36.742,103.76,39.49,2.475,1,25.2,0
2025-03-05 20:40:00,74.54,37.27,86.58,33.73,2.502,1,24.1,0
2025-03-05 20:50:00,75.94,37.97,101.39,31.46,2.514,1,25,0
2025-03-05 21:00:00,77.26,38.629,97.85,31.91,2.494,1,25.1,0
2025-03-05 21:10:00,78.66,39.328,94.11,24.22,2.515,1,25.3,0
2025-03-05 21:20:00,80,39.999,95.27,28.19,2.537,1,24.1,0
2025-03-05 21:30:00,81.48,40.738,99.72,25.77,2.601,1,23.9,0
2025-03-05 21:40:00,82.8,41.399,92.6,26.51,2.617,1,24.9,0
2025-03-05 21:50:00,84.13,42.065,96.98,30.41,2.742,1,24.8,0
2025-03-05 22:00:00,85.78,42.888,99.19,16.91,2.738,1,24.1,0
2025-03-05 22:10:00,87.2,43.598,93.59,22.51,2.687,1,23.9,0
2025-03-05 22:20:00,88.53,44.267,88.98,22.14,2.766,1,24.1,0
2025-03-05 22:30:00,88.06,44.028,1.03,24.94,2.375,0,24,0
2025-03-05 22:40:00,87.64,43.82,1.32,22.14,2.404,0,23.2,0
2025-03-05 22:50:00,87.17,43.586,0.75,24.08,2.426,0,24.3,0
2025-03-05 23:00:00,86.8,43.398,0.76,19.62,2.356,0,23.9,0
2025-03-05 23:10:00,86.53,43.266,2.11,15.24,2.365,0,23.9,0
2025-03-05 23:20:00,86.24,43.119,1.56,16.29,2.344,0,23.7,0
2025-03-05 23:30:00,85.89,42.944,0.61,18.11,2.345,0,23.5,0
2025-03-05 23:40:00,85.06,42.531,1.52,42.87,2.382,0,23.4,1
2025-03-05 23:50:00,84.35,42.173,1.87,37.62,2.29,0,23.2,1
2025-03-06 00:00:00,83.61,41.807,1.88,38.52,2.339,0,22.8,1
2025-03-06 00:10:00,82.91,41.456,1.19,36.31,2.302,0,22.4,1
2025-03-06 00:20:00,82.23,41.113,1.16,35.45,2.289,0,23.2,1
2025-03-06 00:30:00,81.52,40.758,0.44,35.88,2.23,0,23.3,1
2025-03-06 00:40:00,80.67,40.337,1.13,43.21,2.183,0,22.8,1
2025-03-06 00:50:00,80.08,40.041,0.19,29.82,2.228,0,22.7,1
2025-03-06 01:00:00,79.35,39.677,0.87,37.26,2.305,0,22.6,1
2025-03-06 01:10:00,78.66,39.332,0.55,35.07,2.195,0,22.6,1
2025-03-06 01:20:00,77.98,38.991,1.37,35.48,2.237,0,21.7,1
2025-03-06 01:30:00,77.4,38.699,0.33,29.56,2.228,0,22.8,1
2025-03-06 01:40:00,76.72,38.36,2.44,36.28,2.114,0,22.2,1
2025-03-06 01:50:00,75.98,37.992,1.12,37.94,2.152,0,22.5,1
2025-03-06 02:00:00,75.38,37.692,1.88,31.91,2.138,0,21.5,1
2025-03-06 02:10:00,74.73,37.364,1.51,34.3,2.069,0,21.7,1
2025-03-06 02:20:00,74.06,37.031,1.23,34.5,2.071,0,21.5,1
2025-03-06 02:30:00,73.41,36.705,2.11,34.76,2.078,0,22.1,1
2025-03-06 02:40:00,72.73,36.366,1.78,35.63,2.107,0,21.6,1
2025-03-06 02:50:00,72.02,36.011,1.26,36.77,2.073,0,21.9,1
2025-03-06 03:00:00,71.19,35.595,0.61,42.28,2.023,0,21.3,1
2025-03-06 03:10:00,70.49,35.246,0,34.86,2.036,0,22,1
2025-03-06 03:20:00,69.91,34.957,0.84,29.75,2.033,0,22,1
2025-03-06 03:30:00,69.11,34.554,0.4,40.66,2.085,0,21.4,1
2025-03-06 03:40:00,68.34,34.17,0.48,38.86,1.999,0,22.1,1
2025-03-06 03:50:00,67.63,33.813,1.59,37.36,1.988,0,21.9,1
2025-03-06 04:00:00,66.81,33.404,0.84,41.75,1.967,0,21.5,1
2025-03-06 04:10:00,65.89,32.945,1.19,47.08,2.009,0,21,1
2025-03-06 04:20:00,65.03,32.517,0.85,43.66,1.901,0,21.9,1
2025-03-06 04:30:00,64.24,32.122,1.47,40.94,1.919,0,21.9,1
2025-03-06 04:40:00,63.47,31.735,1.67,40.4,1.901,0,21.3,1
2025-03-06 04:50:00,62.87,31.434,2.22,32.32,1.873,0,21.3,1
2025-03-06 05:00:00,61.92,30.958,0.84,48.37,1.884,0,22.2,1
2025-03-06 05:10:00,61.11,30.557,1.02,41.13,1.8,0,22.4,1
2025-03-06 05:20:00,60.11,30.055,1.53,51.76,1.805,0,21.5,1
2025-03-06 05:30:00,59.08,29.542,1.11,52.37,1.755,0,22.2,1
2025-03-06 05:40:00,58.15,29.074,0.4,47.25,1.776,0,21.4,1
2025-03-06 05:50:00,57.2,28.601,2.06,49.34,1.816,0,22.1,1
2025-03-06 06:00:00,56.05,28.026,1.9,59.4,1.691,0,22.5,1
2025-03-06 06:10:00,55.28,27.642,0.77,39.17,1.73,0,21.6,0
2025-03-06 06:20:00,54.55,27.273,1.9,38.83,1.713,0,22.7,0
2025-03-06 06:30:00,53.96,26.978,1.93,31.45,1.629,0,21.8,0
2025-03-06 06:40:00,53.15,26.575,2.21,42.43,1.637,0,21.2,0
2025-03-06 06:50:00,52.45,26.224,2,37.14,1.62,0,21.3,0
2025-03-06 07:00:00,51.56,25.78,1.35,45.77,1.566,0,22,0
2025-03-06 07:10:00,50.56,25.278,0.12,50.34,1.611,0,22.5,0
2025-03-06 07:20:00,49.52,24.759,1.41,53.27,1.566,0,22.5,0
2025-03-06 07:30:00,48.52,24.259,0.69,50.75,1.576,0,22.2,0
2025-03-06 07:40:00,47.46,23.732,0.38,53.04,1.543,0,21.8,0
2025-03-06 07:50:00,46.49,23.247,0.74,49.2,1.576,0,22.5,0
2025-03-06 08:00:00,45.54,22.771,0.7,48.36,1.559,0,23.4,0
2025-03-06 08:10:00,44.57,22.285,2.44,51.03,1.543,0,23.1,0
2025-03-06 08:20:00,45.47,22.733,92.14,47.29,1.887,1,22.4,0
2025-03-06 08:30:00,46.17,23.086,91.01,55.75,1.871,1,22.6,0
2025-03-06 08:40:00,47.08,23.539,96.59,51.23,1.93,1,23,0
2025-03-06 08:50:00,47.89,23.945,90.72,50.2,1.959,1,22.8,0
2025-03-06 09:00:00,48.97,24.486,97.21,43.1,1.923,1,23.1,0
2025-03-06 09:10:00,49.83,24.913,88.98,46.23,1.935,1,23.7,0
2025-03-06 09:20:00,50.77,25.386,94,46.75,1.998,1,22.2,0
2025-03-06 09:30:00,51.41,25.705,83.96,52.06,1.943,1,23.9,0
2025-03-06 09:40:00,52.44,26.218,96.84,45.54,1.978,1,23.7,0
2025-03-06 09:50:00,53.67,26.836,105.41,43.63,2.017,1,23.3,0
2025-03-06 10:00:00,54.85,27.427,101.81,42.65,1.974,1,23.9,0
2025-03-06 10:10:00,55.92,27.961,95.52,42.19,2.063,1,24.7,0
2025-03-06 10:20:00,57.15,28.576,95.48,33.91,2.094,1,24.2,0
2025-03-06 10:30:00,58.34,29.168,95.78,36.57,2.148,1,24.2,0
2025-03-06 10:40:00,59.46,29.73,95.82,39.64,2.157,1,24.4,0
2025-03-06 10:50:00,60.54,30.271,90.17,36.04,2.169,1,24.2,0
2025-03-06 11:00:00,61.94,30.972,94.94,24.87,2.217,1,25,0
2025-03-06 11:10:00,63.22,31.609,91.37,27.66,2.232,1,25,0
2025-03-06 11:20:00,64.53,32.266,92.34,26.71,2.228,1,24.8,0
2025-03-06 11:30:00,65.85,32.925,91.77,25.86,2.311,1,24.5,0
2025-03-06 11:40:00,67.37,33.684,100.32,24.4,2.313,1,24.7,0
2025-03-06 11:50:00,68.79,34.393,94.92,23.99,2.366,1,24.9,0
2025-03-06 12:00:00,70.29,35.143,99.54,24.59,2.386,1,25.1,0
2025-03-06 12:10:00,71.98,35.988,102.06,17.54,2.443,1,23.9,0
2025-03-06 12:20:00,73.53,36.767,95.06,17.11,2.451,1,25.3,0
2025-03-06 12:30:00,74.91,37.457,92.68,23.7,2.467,1,25.7,0
2025-03-06 12:40:00,76.49,38.247,98.85,19.9,2.498,1,24.8,0
2025-03-06 12:50:00,77.93,38.965,88.1,16.22,2.572,1,24.9,0
2025-03-06 13:00:00,79.65,39.827,105.37,19.18,2.579,1,24.9,0
2025-03-06 13:10:00,81.12,40.562,94.89,21.4,2.639,1,25.8,0
2025-03-06 13:20:00,82.66,41.332,94.16,17.23,2.669,1,26.9,0
2025-03-06 13:30:00,84.06,42.03,90.15,20.26,2.703,1,25.4,0
2025-03-06 13:40:00,85.61,42.803,91.11,13.87,2.683,1,25.1,0
2025-03-06 13:50:00,87.19,43.596,95.4,16.06,2.743,1,25.9,0
2025-03-06 14:00:00,88.78,44.389,95.77,16.55,2.744,1,26.1,0
2025-03-06 14:10:00,88.53,44.267,0.82,13.01,2.331,0,25.7,0
2025-03-06 14:20:00,88.09,44.044,2.28,24.55,2.386,0,26,0
2025-03-06 14:30:00,87.66,43.831,1.69,22.99,2.396,0,26.1,0
2025-03-06 14:40:00,87.18,43.591,0.82,24.8,2.362,0,25.9,0
2025-03-06 14:50:00,86.84,43.42,1.91,19.01,2.361,0,26,0
2025-03-06 15:00:00,86.39,43.195,1.55,24.03,2.415,0,26.4,0
2025-03-06 15:10:00,85.86,42.93,0.98,27.53,2.336,0,26.1,0
2025-03-06 15:20:00,85.4,42.699,0.83,23.95,2.316,0,26.7,0
2025-03-06 15:30:00,84.86,42.431,1.27,28.08,2.34,0,26,0
2025-03-06 15:40:00,84.35,42.177,1.22,26.53,2.311,0,26.6,0
2025-03-06 15:50:00,83.74,41.869,0.96,31.78,2.347,0,26.4,0
2025-03-06 16:00:00,82.91,41.456,1.87,43.16,2.272,0,25.8,0
2025-03-06 16:10:00,82.3,41.151,1.37,31.89,2.253,0,25.7,0
2025-03-06 16:20:00,81.52,40.76,0.33,39.47,2.269,0,26.8,0
2025-03-06 16:30:00,80.84,40.419,1.39,35.47,2.254,0,27.5,0
2025-03-06 16:40:00,80.08,40.042,2.29,40.01,2.244,0,26.5,0
2025-03-06 16:50:00,79.31,39.654,2.5,41.24,2.219,0,26.6,0
2025-03-06 17:00:00,78.4,39.201,0.43,45.73,2.159,0,26.3,0
2025-03-06 17:10:00,77.53,38.765,1.59,45.22,2.184,0,26.6,0
2025-03-06 17:20:00,76.64,38.32,0.86,45.34,2.176,0,26.5,0
2025-03-06 17:30:00,75.89,37.947,1.87,39.19,2.192,0,27,0
2025-03-06 17:40:00,74.94,37.468,1.31,49.21,2.165,0,26.4,0
2025-03-06 17:50:00,74.07,37.034,0,43.42,2.128,0,26.6,0
2025-03-06 18:00:00,73.12,36.559,1.09,48.57,2.047,0,26.3,0
2025-03-06 18:10:00,72.07,36.036,1.39,53.66,2.084,0,26.3,0
2025-03-06 18:20:00,71.22,35.61,1.61,44.21,2.092,0,25.6,0
2025-03-06 18:30:00,70.3,35.151,0.51,46.47,2.018,0,26.3,0
2025-03-06 18:40:00,69.34,34.671,1.56,49.57,2.01,0,25.9,0
2025-03-06 18:50:00,68.38,34.19,1.44,49.55,2.008,0,26.4,0
2025-03-06 19:00:00,67.56,33.779,1.09,42.19,1.959,0,25.8,0
2025-03-06 19:10:00,66.64,33.319,1.49,47.43,1.977,0,25.5,0
2025-03-06 19:20:00,65.72,32.861,0.76,46.54,1.94,0,26.2,0
2025-03-06 19:30:00,64.8,32.401,2.07,48.07,1.904,0,25.7,0
2025-03-06 19:40:00,64.05,32.024,1.91,39.66,1.853,0,25.6,0
2025-03-06 19:50:00,63.2,31.602,2.12,44.29,1.811,0,26,0
2025-03-06 20:00:00,62.53,31.267,1.08,34.54,1.854,0,24.5,0
2025-03-06 20:10:00,61.81,30.907,0,36.1,1.813,0,25.5,0
2025-03-06 20:20:00,61.13,30.564,0.95,35.16,1.791,0,25.1,0
2025-03-06 20:30:00,60.47,30.234,1.65,34.65,1.827,0,25.2,0
2025-03-06 20:40:00,59.78,29.888,1.43,36.05,1.761,0,24.7,0
2025-03-06 20:50:00,59.03,29.514,1.67,39.09,1.799,0,25.5,0
2025-03-06 21:00:00,58.5,29.25,0.87,27.27,1.753,0,24.9,0
2025-03-06 21:10:00,58.05,29.025,1.99,24.5,1.749,0,25.2,0
2025-03-06 21:20:00,57.41,28.703,1.11,33.26,1.765,0,23.7,0
2025-03-06 21:30:00,56.77,28.387,1.29,32.88,1.704,0,24.7,0
2025-03-06 21:40:00,56.15,28.077,2.03,33.02,1.748,0,24.3,0
2025-03-06 21:50:00,55.67,27.835,1.8,26.01,1.698,0,24.5,0
2025-03-06 22:00:00,55.24,27.619,0.48,22.1,1.726,0,24.5,0
2025-03-06 22:10:00,54.88,27.44,0.45,18.4,1.663,0,24,0
2025-03-06 22:20:00,54.58,27.289,1.57,16.63,1.726,0,24.1,0
2025-03-06 22:30:00,54.09,27.043,1.91,26.55,1.713,0,23.8,0
2025-03-06 22:40:00,53.66,26.831,0.5,21.69,1.647,0,23.9,0
2025-03-06 22:50:00,53.21,26.606,2.38,24.84,1.676,0,24.3,0
2025-03-06 23:00:00,52.82,26.409,0.58,20.27,1.688,0,23.5,0
2025-03-06 23:10:00,52.53,26.266,1.31,15.66,1.641,0,23.1,0
2025-03-06 23:20:00,52.21,26.106,1.55,17.46,1.682,0,23.9,0
2025-03-06 23:30:00,51.83,25.913,0.27,19.62,1.688,0,24.1,0
2025-03-06 23:40:00,51.54,25.771,1.57,15.82,1.647,0,22.8,0
2025-03-06 23:50:00,51.15,25.577,1.16,20.51,1.626,0,23.1,0
