id_janela,distancia_media_cm,distancia_min_cm,distancia_max_cm,desvio_padrao_cm,variacao_cm_por_s,leituras_validas,eco_perdido_pct,situacao
1,184.27,180.14,187.96,1.87,2.28,18,12,livre
2,188.49,184.32,192.2,1.339,0.85,17,17,livre
3,41.24,19.18,62.03,10.824,-15.9,19,7,aproximando
4,58.43,55.4,62.43,0.974,0.11,19,7,objeto_parado
5,55.73,53.18,56.75,0.1,0.48,17,15.6,objeto_parado
6,170.7,165.89,176.23,1.695,-0.28,20,3.5,livre
7,159.2,154.38,166.27,1.714,-0.94,19,5.1,livre
8,79,71.4,86.61,3.822,8.56,19,7.7,afastando
9,91.47,78.62,105.36,6.67,8.92,17,17.3,afastando
10,73.99,68.8,79.06,2.522,-8.89,19,6.6,aproximando
11,58.03,55.25,63.38,1.056,0.33,17,15.9,objeto_parado
12,194.9,189.48,200.04,2.321,0.5,20,1.3,livre
13,52.84,49.35,54.24,0.388,-0.63,18,10.8,objeto_parado
14,150.06,143.71,155.25,2.483,1,18,10.7,livre
15,174.14,170.95,178.3,1.399,1.09,19,6.4,livre
16,169.73,165.98,175.54,1.559,1.51,20,3.2,livre
17,191.39,187.84,193.36,0.989,-0.08,17,16.7,livre
18,87.15,65.61,107.33,10.46,-6.76,20,0,aproximando
19,106.73,88,124.29,9.194,20.63,18,12.4,afastando
20,169.54,166.91,174.01,1.082,0.54,19,7.1,livre
21,13.91,9.93,19.22,1.571,1.16,18,11.8,objeto_parado
22,105.66,82.77,127.73,11.588,-19.56,20,1.2,aproximando
23,94.78,77.31,111.23,8.585,15.85,20,0.8,afastando
24,81.44,65.63,99.23,8.125,22.5,18,10.1,afastando
25,77.53,72.46,82.28,1.434,-0.16,20,2.7,objeto_parado
26,42.47,27.07,57.44,7.655,10.57,17,18.3,afastando
27,195.93,190.05,200.41,1.78,-1.61,20,2.7,livre
28,95.54,72.91,120.54,11.413,-24.94,19,6.2,aproximando
29,55.72,28.22,81.73,13.44,-21,20,2.5,aproximando
30,46.93,30.1,63.27,8.077,-28.77,20,0.9,aproximando
31,42.16,38.19,45.76,0.971,-0.45,20,3.8,objeto_parado
32,189.08,183.04,195.99,2.576,0.96,18,10.6,livre
33,99.86,77.87,122.34,11.549,-17.32,20,0.7,aproximando
34,174.16,168.44,180.82,2.867,0.26,19,6,livre
35,64.53,60.34,70.83,1.686,0.53,19,8.9,objeto_parado
36,133.24,130.98,135.82,0.922,0.95,20,1.9,livre
37,82.4,67.66,96.13,6.898,16.44,19,8.5,afastando
38,75.94,69.95,80.08,1.615,0.13,20,0.7,objeto_parado
39,95.92,69.22,123.33,13.82,-22.05,19,6,aproximando
40,12.49,9.61,15.24,0.619,0.03,20,1,objeto_parado
41,66.55,46.69,86.37,9.83,22.86,19,8.1,afastando
42,179.03,171.11,186.51,2.719,-0.2,17,16.1,livre
43,24.77,7.09,41.99,8.152,-20.47,19,5.9,aproximando
44,188.52,184.86,194.34,1.913,-0.53,18,12.3,livre
45,97.72,82.09,112.16,7.295,-27.79,17,17.7,aproximando
46,47.3,43.58,49.91,1.174,-1.38,19,8.4,objeto_parado
47,89.78,73.31,105.96,6.941,-27.05,17,17,aproximando
48,62.73,57.57,66.72,1.284,-0.92,19,6.5,objeto_parado
49,177.98,170.82,183.96,1.97,-0.32,17,16,livre
50,157.73,154.66,160.67,0.772,1,20,2.5,livre
51,72.5,56.94,87.64,6.8,-12.56,20,0,aproximando
52,16.44,13.51,19.47,0.926,-0.59,19,5.9,objeto_parado
53,36.7,32,40.59,0.851,-1.74,19,6.7,objeto_parado
54,180.39,174.89,186.98,2.092,-0.4,18,12.3,livre
55,44.39,40.27,47.5,1.123,0.86,18,11.7,objeto_parado
56,126.49,113.15,139.47,6.65,22.49,19,6.3,afastando
57,55.75,52.68,58.88,0.989,0.01,18,13.2,objeto_parado
58,183.38,175.79,189.28,2.922,1.88,20,0.8,livre
59,13.34,11.81,17.94,0.741,0.83,20,2.2,objeto_parado
60,173.98,166.09,179.86,2.329,-0.16,20,1.4,livre
61,193.95,188.93,199.77,1.609,0.36,20,0.4,livre
62,60.64,53.76,64.67,1.638,1.43,18,11.7,objeto_parado
63,80.02,71.04,88.71,3.99,3.94,20,2.1,afastando
64,106.08,77.04,134.64,13.961,18.98,18,11.1,afastando
65,198.83,197.74,200.79,0.219,0.19,20,0.3,livre
66,105.76,86.84,123.84,9.405,19.3,19,6.3,afastando
67,176.09,171.99,181.32,2.149,0.31,19,7.5,livre
68,82.93,74.07,94.95,4.519,-3.05,18,10.6,aproximando
69,47.84,44.96,53.66,0.7,0.38,20,0.6,objeto_parado
70,148.81,145.9,150.51,0.767,0.91,20,1,livre
71,43.16,36.78,48.34,1.565,-1.9,20,4.2,objeto_parado
72,184.65,180.37,188.09,1.44,0.43,20,1,livre
73,122.7,113.04,134.07,4.727,2.59,19,8.2,afastando
74,186.6,180.9,191.87,2.098,-0.63,20,0.6,livre
75,13.83,9.33,19.31,1.879,-1.25,18,10.8,objeto_parado
76,76.56,70.31,82.94,2.525,3.7,19,9.3,afastando
77,103.1,81.77,123.77,10.767,15.25,16,23.6,afastando
78,40.92,13.76,67.3,13.042,-17.35,20,3,aproximando
79,70.84,68.15,72.97,0.938,0.25,20,0.5,objeto_parado
80,83.92,79.31,88.09,1.652,-0.32,19,7,objeto_parado
81,62.14,44.23,81.19,9.329,16.04,18,10.5,afastando
82,78.3,65.72,92.56,6.348,-17.8,16,20.2,aproximando
83,90.44,75.03,105.31,7.64,-20.34,17,15.3,aproximando
84,8,3.76,14.21,1.9,0.88,20,2,objeto_parado
85,72.37,59.31,84.77,6.046,19.69,20,1.6,afastando
86,53.88,44.02,63.45,4.67,-17.7,18,11.9,aproximando
87,85.95,56.28,114.23,14.623,22.16,20,0.7,afastando
88,45.27,29.03,63.37,8.273,18.41,20,1.3,afastando
89,54.72,25.94,85,14.37,-12.35,19,5.7,aproximando
90,165.99,163.52,168.39,0.727,-0.72,18,11.5,livre
91,165.1,157.73,170.88,2.454,-0.2,18,11.1,livre
92,53.47,51.57,56.17,0.743,-1.39,19,5.7,objeto_parado
93,46.1,32.74,59.05,5.859,-14.59,18,11.4,aproximando
94,25.28,20.98,26.65,0.615,0.11,20,2.5,objeto_parado
95,151.71,145.68,157.35,1.814,-0.84,19,7.1,livre
96,179.13,172.29,184.99,2.308,0.57,19,7.3,livre
97,161.29,153.65,167.01,2.825,-0.72,17,18.3,livre
98,31.81,29.59,34.85,1.081,0.72,19,5.1,objeto_parado
99,181.58,179.46,184.49,0.883,-0.41,20,1.4,livre
100,39.33,35.1,43.48,1.211,-0.73,19,6.3,objeto_parado
101,64.91,57.38,69.19,2.225,-6.18,19,6.3,aproximando
102,84.59,67.12,103.29,9.073,18.81,18,10.6,afastando
103,51.93,34.95,68.71,7.774,24.88,19,5.7,afastando
104,95.24,78.92,111.06,7.448,13.98,18,11.3,afastando
105,32.43,28.69,37.08,1.419,0.47,20,0.9,objeto_parado
106,79.56,61.71,97.42,8.813,16.18,20,1.6,afastando
107,24.99,22.77,29.12,1.014,1.25,20,0.8,objeto_parado
108,100.66,79.47,122.15,10.618,16.83,19,6.8,afastando
109,43.55,39.42,46.34,1.125,-0.92,19,7.9,objeto_parado
110,78.8,57.64,98.96,9.364,-30.83,20,0.7,aproximando
111,62.94,45.66,81.2,8.739,-30.31,19,7.7,aproximando
112,72.91,44.34,100.73,14.61,-24.16,19,6.3,aproximando
113,139.1,125.55,151.78,5.605,26.85,18,11.3,afastando
114,35.33,31.32,38.47,1.404,0.07,18,10.2,objeto_parado
115,61.15,43.82,77.92,8.124,-24.49,17,15.4,aproximando
116,186.59,181.91,190.89,1.452,0.31,20,2.2,livre
117,49.32,46.66,51.93,0.726,0.91,17,15.1,objeto_parado
118,41.01,39.42,42.16,0.53,-1.04,19,5.8,objeto_parado
119,152.84,146.3,159.42,1.839,-0.2,19,5.2,livre
120,55.88,53.8,60.41,0.823,-0.21,19,6.1,objeto_parado
121,71.43,53.32,88.48,8.673,-13.14,18,12.2,aproximando
122,55.31,29.36,83.17,13.644,-21.52,20,0,aproximando
123,91.64,69.98,112.86,10.083,-21.65,20,3,aproximando
124,91.28,71.74,109.12,9.351,25.32,16,20.4,afastando
125,91.93,82.8,100.27,3.185,2.36,20,1.2,afastando
126,178.52,174.03,181.73,1.658,1.27,18,10.5,livre
127,93.79,91.81,96.33,0.1,-0.58,18,10.7,objeto_parado
128,192.47,184.56,199.26,2.838,0.38,19,8.1,livre
129,72.72,64.66,82.97,4.03,-4.48,18,10.9,aproximando
130,53.08,27.98,77.81,12.804,-25.35,20,1.6,aproximando
131,211.36,206.86,215.54,2.153,-0.56,19,6.8,livre
132,18.94,16.85,23.35,1.092,-0.54,19,5.6,objeto_parado
133,73.98,59,88.8,7.301,18.71,19,6.5,afastando
134,64.12,50.56,76.36,6.214,20.5,20,5.5,afastando
135,62.07,44.21,79.56,8.346,25.34,19,7.5,afastando
136,83.16,56.19,111.41,13.426,-21.69,17,16.1,aproximando
137,84.3,73.3,92.67,3.765,4.1,17,15.3,afastando
138,68.99,47.75,90.69,10.251,29.49,19,7.2,afastando
139,155.84,153.7,157.61,0.384,-2.25,20,0.7,livre
140,40.91,36.15,47.33,1.962,-1.37,18,10.2,objeto_parado
141,195.16,187.51,203.34,2.879,-1.1,19,6,livre
142,72.74,66.33,80.25,2.367,1.59,18,11.4,objeto_parado
143,163.28,161.08,167.5,0.743,-0.32,18,12.6,livre
144,71.18,61.81,79.96,3.869,4.57,18,10.8,afastando
145,53.52,34.59,72.44,9.007,17.45,20,0.3,afastando
146,43.83,40.74,46.42,1.145,-0.03,17,15.6,objeto_parado
147,44.88,39.8,49.54,2.334,0.34,20,0.5,objeto_parado
148,58.05,46.65,71.1,5.206,22.3,18,11.5,afastando
149,158.67,155.42,162.91,0.897,1.43,20,1.4,livre
150,59.35,57.32,60.59,0.379,-0.74,18,11.5,objeto_parado
151,93.58,88.4,99.25,2.27,2.51,18,10.6,afastando
152,47.97,45.84,49.61,0.48,-1.87,14,30.2,objeto_parado
153,36.82,18.64,55.63,8.802,10.11,20,2,afastando
154,39.6,15.3,62.67,11.145,16.83,20,1.1,afastando
155,120.54,116.83,123.42,1.315,9.76,19,6.5,afastando
156,195.46,189.43,199.32,1.984,-0.3,20,1.1,livre
157,174.27,172.28,177.71,0.833,-1,19,6.4,livre
158,65.63,48.54,82.61,8.639,7.15,20,0.5,afastando
159,166.81,163.1,171.49,0.826,0.14,19,6,livre
160,105.31,79.75,131.59,12.866,12.34,19,5.6,afastando
161,177.67,174.67,179.55,0.474,0.08,19,6.8,livre
162,89.42,68.04,109.67,10.319,18.18,20,1.3,afastando
163,67.97,58.63,75.52,3.866,5.5,17,16,afastando
164,94.05,90.82,97.61,0.776,0.77,16,23.6,objeto_parado
165,167.99,163.62,172.62,1.458,1.59,19,6.6,livre
166,180.71,177.74,185.27,1.461,0.95,19,6.7,livre
167,183.06,181.65,186.68,0.553,-0.07,20,1.6,livre
168,63.49,41.65,84.96,10.42,12.83,19,5,afastando
169,186.37,181.43,189.39,1.035,-0.31,16,22.2,livre
170,169.45,163.84,176.25,2.315,1.03,20,1.9,livre
171,199.53,199.09,202.44,0.2,0.94,18,11.3,livre
172,70.27,64.77,75.3,1.757,0.54,17,16.8,afastando
173,162.44,158.6,165.88,1.698,0.35,19,5.3,livre
174,64.19,42.94,85.4,10.341,17.46,20,2.2,afastando
175,46.53,44.01,50.98,0.795,0.7,19,6.7,objeto_parado
176,94.09,89.72,97.88,0.763,0.01,19,5.2,objeto_parado
177,21.1,17.5,25.4,1.298,0.58,19,8,objeto_parado
178,178.78,172.79,184.3,2.17,-0.81,18,11.4,livre
179,59.25,56.06,64.79,1.458,0.07,19,5.4,objeto_parado
180,38.09,35.22,40.47,0.981,1.7,17,18.2,objeto_parado
181,50.34,47.22,53.61,0.498,1.35,18,13.3,objeto_parado
182,186.3,180.6,190.43,2.005,0.87,20,0.8,livre
183,176.71,170.79,181.22,1.592,0.22,18,10.6,livre
184,30.6,27.33,33.92,1.126,0.4,18,11.1,objeto_parado
185,36.59,32.7,41.15,1.279,-0.13,20,3.4,objeto_parado
186,86.5,71.88,103.28,7.453,15.54,18,12.8,afastando
187,103.14,84,121.78,8.792,-15.58,18,11.2,aproximando
188,53.05,48.79,57.4,1.265,0.74,19,7.6,objeto_parado
189,68.37,59.95,75,3.044,2.29,20,3.1,afastando
190,194.47,189.76,200.36,2.34,-0.31,20,1.5,livre
191,164.2,158.21,169.12,2.061,0.33,19,5.3,livre
192,21.39,2,40.53,9.735,26.25,18,12.7,afastando
193,54.09,51.68,57,0.986,-0.01,16,20.7,objeto_parado
194,79.68,61.01,99.41,9.371,-16.76,15,29.5,aproximando
195,33.74,29.46,37.24,1.294,0.56,20,1,objeto_parado
196,49.25,27.86,67.34,9.374,18.96,20,2.2,afastando
197,104.81,94.94,114.15,4.398,4.01,20,1.5,afastando
198,163.67,159.03,168.89,1.773,-0.48,20,1,livre
199,187.13,182.28,191.8,1.337,-0.44,20,0.6,livre
200,190.77,186.21,195.67,1.873,2.48,20,1.6,livre
201,33.88,8.59,59.36,12.493,-30.44,20,2,aproximando
202,12.68,8.51,17.75,0.902,-0.97,19,6.5,objeto_parado
203,55.93,52.82,59.12,1.344,1.25,18,10.2,objeto_parado
204,39.64,35.37,43.74,1.049,1.54,19,6.5,objeto_parado
205,93,65.25,118.33,12.676,18.52,17,15.6,afastando
206,74.67,68.46,82.11,2.598,-3.9,18,10.6,aproximando
207,98.09,83.07,114.37,7.338,-25.03,18,10.2,aproximando
208,73.52,63.37,83.8,3.985,-3.91,19,6.4,aproximando
209,72.21,67.04,76.38,2.098,4.16,19,5.7,afastando
210,61.32,47.92,75.68,6.533,-28.74,19,5.3,aproximando
211,173.77,171.77,177.19,0.743,-0.29,18,10.5,livre
212,47.23,42.57,50.46,1.5,-0.18,20,2.7,objeto_parado
213,121.2,101.53,139.68,8.998,28.22,19,6.5,afastando
214,69.88,64.11,75.11,2.23,-0.38,20,1.6,objeto_parado
215,190.23,184.83,194.38,2.089,1.7,19,5.6,livre
216,81.36,68.96,93.98,5.446,-3.49,20,1.5,aproximando
217,52.35,33.66,70.42,9.394,-24.97,20,0.1,aproximando
218,66.68,59.19,75.84,2.69,3.23,19,7.9,afastando
219,49.24,44.74,54.42,1.371,-0.57,20,1.8,objeto_parado
220,19.9,17.71,25.42,0.911,-0.78,18,10.2,objeto_parado
221,187.44,181.61,191.39,1.994,0.58,18,12.9,livre
222,190.61,185.91,197.04,1.772,-0.23,20,0.9,livre
223,76.15,69.72,80.82,1.994,0.9,20,2.4,objeto_parado
224,87.36,72.08,101.42,7.308,28.7,17,17.3,afastando
225,87.44,69.81,105.68,8.917,16.62,16,21.1,afastando
226,55.67,44.12,68.55,5.868,-17.9,18,10,aproximando
227,37.92,35.79,41.53,0.961,-0.48,17,16.1,objeto_parado
228,62.13,47.95,78.81,7.239,-19.27,19,5.2,aproximando
229,27.51,25.59,29.95,0.308,-0.6,17,17.2,objeto_parado
230,168.72,164.38,174.76,1.704,-0.06,20,1.1,livre
231,99.22,77.34,122.56,10.715,20.78,19,7.7,afastando
232,55.65,36.21,76.92,10.003,24.94,18,13.1,afastando
233,74.9,51.24,99.7,11.832,-16.68,20,0.9,aproximando
234,160.63,154.54,166.05,2.286,1.57,17,15.1,livre
235,82.18,77.48,85.89,1.589,-0.71,17,18.2,objeto_parado
236,165.57,162.04,169.8,1.661,0.06,18,12.4,livre
237,92.61,87.34,96.37,1.886,5.88,18,12.1,afastando
238,8.07,4.64,12.31,1.74,-1.32,20,0.1,objeto_parado
239,159.85,154.66,165.81,2.446,2,17,15,livre
240,19.51,15.28,23.49,1.181,0.73,19,6.9,objeto_parado
241,43.15,40.06,47.79,1.568,-0.52,17,17.1,objeto_parado
242,45.28,41.92,46.84,0.502,-0.58,20,1.5,objeto_parado
243,104.49,90.17,118.47,5.738,-22.25,20,0.6,aproximando
244,82.64,57.78,109.14,12.571,17.16,19,6.3,afastando
245,50.13,23.23,73.69,12.207,-39.1,19,5.9,aproximando
246,184.21,181.57,187.62,0.683,2.14,19,5.9,livre
247,62.98,53.11,71.68,4.132,-4.86,17,15.5,aproximando
248,84.49,81.78,85.8,0.6,2.58,20,2.3,afastando
249,70.42,64.92,74.18,1.581,0.23,18,11.2,objeto_parado
250,61.03,58.15,64.36,0.867,1.81,20,1.4,objeto_parado
251,59.1,53.8,62.99,1.853,-0.71,20,3.4,objeto_parado
252,175.94,170.32,180.43,2.052,-0.17,20,0.6,livre
253,56.27,51.88,60.19,1.268,-6.2,17,18.9,aproximando
254,27.22,11.05,42.19,7.558,-29.11,19,5.5,aproximando
255,72.2,66.77,77.46,1.838,-0.74,19,6.3,objeto_parado
256,23.12,14.96,31.68,3.361,-4.5,17,16.8,aproximando
257,191.34,187.59,195.19,0.951,0.48,19,5.1,livre
258,182.21,177.71,187.47,1.721,-0.8,19,6.7,livre
259,182.33,179.76,186.67,1.076,-0.93,20,0.1,livre
260,191.97,187.64,195.08,0.921,1.04,20,2.1,livre
261,63.04,44.39,79.56,7.759,11.67,20,1.1,afastando
262,33.8,19.81,49.29,7.16,-21.08,19,6.9,aproximando
263,122.85,116.62,127.51,2.355,4.19,19,7,afastando
264,20.66,17.63,22.85,1.113,-6.34,16,20.4,aproximando
265,66.28,41.27,91.47,12.173,-18.85,20,2.1,aproximando
266,89.83,78.34,102.65,5.386,-3.76,17,18.5,aproximando
267,66.53,56.54,78.4,4.876,-21.44,17,15.8,aproximando
268,63.88,60.73,69.47,0.6,-5.9,17,16.3,aproximando
269,93.35,77.38,108.29,6.905,-4.61,20,2.3,aproximando
270,77.87,62.45,93.96,7.984,10.49,16,22,afastando
271,81.77,58.32,101.41,10.189,-12.49,18,11.3,aproximando
272,53.48,29.27,77.51,12.122,-34.13,19,8.1,aproximando
273,66.86,47.11,87.74,9.716,-18.45,20,1.1,aproximando
274,87.48,65.92,108.84,11.012,16.35,19,7.1,afastando
275,97.41,80.59,115.43,8.833,20.32,17,15.2,afastando
276,83.14,77.3,88.14,1.639,1.17,18,10.5,objeto_parado
277,78.49,75.96,81.55,0.381,0.68,20,0.4,objeto_parado
278,80.78,74.2,90.13,2.693,7.48,18,13.7,afastando
279,87.37,66.38,108.84,10.252,-21.7,19,5.4,aproximando
280,61.1,58.99,63.8,0.441,-1.58,19,6.6,objeto_parado
281,67.96,62.61,75.1,2.256,-4.95,18,10.4,aproximando
282,42.87,29.13,53.99,5.796,4.43,16,20.6,afastando
283,97.82,79.84,112.72,7.426,-19.78,18,10.3,aproximando
284,179.3,174.37,183.83,2.062,-0.7,18,12.9,livre
285,193.43,188.09,199.47,1.852,0.52,20,0.8,livre
286,73.3,54.38,91.86,9.682,-18.48,19,6.1,aproximando
287,70.87,38.47,103.22,16.355,21.14,20,1.9,afastando
288,57.55,48.51,66.32,3.73,1.1,18,12.9,afastando
289,59.3,37.32,81.95,10.742,-31.65,20,1.3,aproximando
290,47.35,43.9,50.7,1.029,-0.77,19,7,objeto_parado
291,50.21,46.64,52.57,0.616,-0.84,20,4.3,objeto_parado
292,59.63,41.96,78.07,8.117,15.77,20,0.8,afastando
293,185.15,181.84,188.13,1.441,0.29,20,1.6,livre
294,163.34,158.17,167.91,1.628,0,19,7.6,livre
295,185.39,177.84,193.74,2.715,1.29,20,3.1,livre
296,198.33,194.24,204.25,1.9,-0.81,19,9.5,livre
297,187.28,182.15,191.45,1.966,-0.73,18,10.7,livre
298,79.45,56.27,104.4,11.436,19.97,19,8.4,afastando
299,104.48,84.46,124.25,9.442,17.72,19,6.7,afastando
300,46.01,37.06,56.04,4.043,-8.69,19,6.5,aproximando
301,61.85,47.23,77.65,7.528,17.4,18,12.1,afastando
302,88.99,80.87,97.02,3.447,-6.82,19,6.6,aproximando
303,70.22,56.41,84.27,6.419,17.99,19,7.1,afastando
304,36.98,33.08,39.38,0.945,1.42,18,13,objeto_parado
305,76.06,66.88,83.16,3.235,3.18,17,16,afastando
306,81.88,71.35,90.9,4.051,-5.56,20,1.4,aproximando
307,159.67,153.45,163.27,1.852,-0.88,20,2.2,livre
308,39.64,37.33,44.04,0.959,-1.55,18,11.9,objeto_parado
309,195.67,191.48,200.9,2.029,-0.12,16,20.1,livre
310,82.62,76.71,87.53,2.248,2.32,18,12.2,afastando
311,79.75,71.93,84.42,2.375,-5.14,20,0.1,aproximando
312,45.25,38.73,47.39,1.095,-0.87,17,17.5,objeto_parado
313,44.11,40.68,47.77,0.916,1.76,20,3.6,objeto_parado
314,182.9,179.59,187.38,1.216,-0.39,18,13.1,livre
315,107.82,91.77,124.74,7.661,14.16,20,0.1,afastando
316,67.25,61.15,71.84,1.933,-0.73,20,1,objeto_parado
317,67.78,47.37,88.51,10.551,21.88,19,6.9,afastando
318,156.08,151.66,161.76,1.467,1.52,18,12.7,livre
319,52.14,47.69,55.58,1.203,-0.79,18,13.3,objeto_parado
320,36.23,32.92,41.15,1.319,-0.06,18,13,objeto_parado
321,106.43,93.17,120.63,6.971,-21.52,20,2.3,aproximando
322,51.37,46.24,55.86,1.53,-0.08,13,36.3,objeto_parado
323,63.71,48.99,78.39,6.598,-15.67,20,3.1,aproximando
324,84.63,58.79,108.54,12.079,-16.88,18,10.6,aproximando
325,18.5,17.3,20.19,0.406,0.5,16,21.4,objeto_parado
326,124.84,103.42,145.91,10.545,18.45,18,13.2,afastando
327,13.77,11.35,14.93,0.164,-0.15,20,1.5,objeto_parado
328,186.5,180.35,193.3,2.212,-0.95,20,1.2,livre
329,29.31,27.63,31.41,0.751,0.01,20,2.2,objeto_parado
330,205.32,202.6,207.52,0.964,0.82,16,21.4,livre
331,52.39,43.24,64.55,4.527,-27.82,18,10.7,aproximando
332,13.38,8.92,17.68,1.018,-0.43,17,17.5,objeto_parado
333,190.61,188.57,194.38,1.014,-0.41,18,12,livre
334,83.6,70.76,95.59,6.246,-17.79,18,11.9,aproximando
335,74.03,44.32,104.68,15.612,-12.17,19,10.4,aproximando
336,100.72,74.48,126.91,13.018,-9.06,19,7.5,aproximando
337,97.83,79.69,117.67,9.281,23.78,20,1.9,afastando
338,71.62,63.22,80.92,3.788,5.87,20,2.9,afastando
339,43.68,39.61,46.45,1.337,-0.34,18,10.2,objeto_parado
340,155.32,149.79,160.62,1.925,0.19,18,13.8,livre
341,45.49,40.67,48.06,1.012,0.65,19,8.7,objeto_parado
342,170.73,167.25,174.49,1.012,1.49,19,5,livre
343,26.31,18.99,33.35,2.082,-0.13,20,2,objeto_parado
344,61.31,40.03,81.94,9.681,-20,18,10.8,aproximando
345,83.61,60.46,107.14,11.359,-20.57,19,7.6,aproximando
346,188.33,181.19,194.65,2.443,0.42,20,1.7,livre
347,170.33,165.42,173.82,1.501,-1.57,18,11.2,livre
348,47.55,37.89,55.87,4.16,-5.28,19,6.8,aproximando
349,181.73,175.05,187.5,2.472,1.26,17,15.9,livre
350,32.03,29.33,35.99,1.352,-0.67,19,5.2,objeto_parado
351,52.59,46.27,57.13,1.496,-0.12,19,5.9,objeto_parado
352,59.23,55.71,62.2,0.41,-0.45,19,5.1,objeto_parado
353,115.78,92.53,138.7,11.325,31.05,20,1.5,afastando
354,94.83,73.39,118.43,11.27,13.93,19,5.3,afastando
355,39.21,35.57,43,0.932,0.19,16,20.2,objeto_parado
356,168.41,166.46,171.54,0.695,-0.25,20,0.1,livre
357,89.27,84.8,92.24,1.342,1.25,19,6.1,objeto_parado
358,74,70.09,79.51,2.04,-1.36,20,0.1,objeto_parado
359,119.54,95.99,144.72,11.804,-19.85,19,6.8,aproximando
360,52.46,49.8,56.67,0.908,1.46,19,5.6,afastando
361,56.64,51.64,60.1,0.944,-0.28,16,20.9,objeto_parado
362,65.52,58.79,73.02,2.744,-5.06,15,28,aproximando
363,28.97,12.41,44.57,7.614,15.57,20,2.3,afastando
364,56.03,52.88,58.21,1.061,0.15,20,3.5,objeto_parado
365,71.07,55.98,84.99,6.634,-14.78,20,1.9,aproximando
366,102.12,82.03,123.06,10.09,-20.72,20,0.3,aproximando
367,103.09,92.09,114.65,5.217,4.71,20,2.9,afastando
368,175.44,171.85,179.34,1.133,-0.47,20,0.5,livre
369,56.88,53.24,61.06,1.261,0.25,19,7.6,objeto_parado
370,100.59,81.17,119.56,9.33,-18.95,20,3.7,aproximando
371,84.15,72.64,95.97,5.382,-4.46,20,1.9,aproximando
372,48.77,26.63,69.95,10.13,-26.2,18,11.4,aproximando
373,59.48,42.39,75.08,7.428,-22.98,20,2.1,aproximando
374,177.68,172.83,181.4,1.937,2.26,18,10.9,livre
375,44.15,22.27,66.89,11.19,-23.29,20,2.4,aproximando
376,46.8,28.02,67.03,9.302,-19.85,20,4.3,aproximando
377,66.7,60.69,72.25,2.518,2.03,20,2.6,afastando
378,174.39,169.29,180.67,1.744,-0.13,17,19,livre
379,48.69,45.42,50.46,0.427,-0.97,18,13.1,objeto_parado
380,81.8,58.26,104.1,11.694,15.69,19,7.5,afastando
381,44.87,39.96,49.4,1.257,0.93,19,6.9,objeto_parado
382,93.47,88.16,99.49,2.791,2.24,17,15.8,afastando
383,35.66,32.38,37.77,0.738,-0.35,19,6.8,objeto_parado
384,115.21,105.55,124.99,4.052,2.23,19,6.6,afastando
385,82.19,65.56,96.81,7.252,-21.06,20,2.3,aproximando
386,28.04,22.37,33.21,1.988,0.98,18,11.3,objeto_parado
387,173.45,170.94,176.96,0.377,0.26,19,6.7,livre
388,70.2,64.77,72.63,1.012,1.11,16,22,objeto_parado
389,58.69,57.56,61.8,0.118,-0.7,20,2.8,objeto_parado
390,71.65,68.14,74.91,1.184,-0.33,19,9,objeto_parado
391,42.28,40.95,45.73,0.539,0.33,16,20.8,objeto_parado
392,72.88,71.03,76.49,0.9,-1.27,19,6.3,objeto_parado
393,60.62,41.48,80.14,8.801,-19.9,19,7.3,aproximando
394,179.47,174.85,184.95,2.051,-0.75,20,2.5,livre
395,118.62,113.74,124.93,2.151,2.97,20,3.6,afastando
396,168.43,165.81,173.06,1.017,0.45,19,5.5,livre
397,44.32,41.72,46.65,1.185,0.39,17,18.9,objeto_parado
398,49.63,48.14,51.31,0.709,-0.41,16,20.6,objeto_parado
399,86.66,79.25,94.25,3.567,-2.64,20,1,aproximando
400,23.95,21.37,27.5,1.216,0.63,19,7.6,objeto_parado
401,150.12,145.75,153.18,0.862,0.27,20,0.1,livre
402,176.46,170.58,181.93,2.084,1.12,20,1.2,livre
403,25.44,22.71,28.45,1.11,0.26,17,16.3,objeto_parado
404,171,166.24,178.09,2.226,1.54,17,17,livre
405,50.44,47.11,53.35,0.752,0.07,16,21.1,objeto_parado
406,65.32,57.7,71.55,2.907,-2.19,17,15.8,aproximando
407,15.53,9.31,17.77,1.071,-1.51,19,5.4,objeto_parado
408,169.54,164.42,174.03,1.6,-0.75,20,3.7,livre
409,98,88.4,108.8,4.205,-1.83,18,12.5,aproximando
410,24.37,21.8,27.75,0.722,-0.66,20,0.6,objeto_parado
411,162.4,157.13,167.68,1.86,1.15,18,12.3,livre
412,184.22,179.79,186.79,1.335,0.9,20,3.5,livre
413,189.86,184,195.6,1.497,-0.04,19,6.2,livre
414,12,2,34.42,10.515,-24.13,18,12.6,aproximando
415,48.16,43.53,50.54,0.925,-0.51,20,2.3,objeto_parado
416,33.16,28.83,37.05,1.092,-1.21,20,2.2,objeto_parado
417,195.2,190.87,199.08,1.389,1.63,18,10.4,livre
418,100.43,88.5,111.53,5.385,5.47,18,11.5,afastando
419,76.83,55.62,97.42,10.817,-13.1,17,15.4,aproximando
420,171.23,166.45,177.51,2.023,-0.45,19,6.2,livre
421,46.9,44.76,51.67,1.08,0.63,20,2.4,objeto_parado
422,116.89,97.7,135.26,8.853,-8.16,20,3.4,aproximando
423,57.3,36.77,74.49,8.858,13.97,17,17.8,afastando
424,74.03,61.87,88.26,5.784,-18.57,18,12.8,aproximando
425,62.12,38.24,85.71,11.425,-26.08,18,10.1,aproximando
426,97.11,77.48,116.94,9.363,-22.84,17,17.1,aproximando
427,79.12,61.5,95.28,7.374,-24.07,20,1.2,aproximando
428,115.95,105.6,126.1,4.461,17.06,20,2.7,afastando
429,173.99,167.87,181.37,2.212,-0.2,20,0.6,livre
430,181.54,177.84,184.69,0.764,0.59,17,19.7,livre
431,129.23,121.16,137.51,3.148,5.4,20,1.7,afastando
432,25.52,23.18,27.62,0.281,-0.44,20,2.1,objeto_parado
433,74.66,69.75,78.3,1.317,-2.59,19,5.3,objeto_parado
434,97.54,93.81,101.14,1.404,0.76,20,1.5,objeto_parado
435,91.8,69.61,115.57,11.428,18.83,20,1.2,afastando
436,123.33,100.82,146.18,10.964,-14.23,20,2.8,aproximando
437,65.45,58.75,73.51,3.199,1.84,17,16.7,afastando
438,43.58,23.15,65.31,9.941,-19.84,19,6.7,aproximando
439,117.57,95.03,140,11.077,19.34,20,2.7,afastando
440,28.55,24.03,31.46,1.293,0.43,20,0.3,objeto_parado
441,105.36,74.75,136.03,15.376,-22.67,20,1.1,aproximando
442,173.01,166.82,178.35,1.963,0.83,19,6.3,livre
443,42.68,37.01,47.74,2.107,-3.71,19,5.6,aproximando
444,85,60.75,107.66,11.447,21.47,19,6.4,afastando
445,106.63,100.7,112.78,2.385,3.83,18,13.5,afastando
446,34.49,33.85,36.88,0.155,-0.24,19,5.7,objeto_parado
447,197.54,194.39,201.3,0.284,0.25,19,7.3,livre
448,37.68,34.44,41.5,1,-1.2,20,2.9,objeto_parado
449,108.53,92.96,122.59,7.13,14.49,19,6.7,afastando
450,91.68,73.09,110.89,8.07,-19.98,20,2,aproximando
451,42.78,17.29,68.52,12.745,13.93,19,5.4,afastando
452,47.84,33.3,62.29,7.164,-24.17,20,1.3,aproximando
453,73.63,47.9,101.56,13.434,22.55,18,12.4,afastando
454,175.64,171.64,181.62,1.666,-2.23,19,5.6,livre
455,109.28,86.37,133.39,11.142,-19.05,18,10.3,aproximando
456,91.08,80.56,99.06,4.085,-4.2,19,5.8,aproximando
457,42.19,38.75,46.07,1.293,0.56,20,2.6,objeto_parado
458,202.28,197.07,207.02,2.063,1.93,19,6.4,livre
459,151.81,146.04,157.57,2.022,-1.81,18,13.1,livre
460,78.29,53.04,104.86,12.679,26.91,17,16.6,afastando
461,102,87.57,116.88,7.562,26.82,20,0.9,afastando
462,57.26,53.52,62.3,1.419,0.15,18,11.3,objeto_parado
463,106.27,89.59,122.41,7.201,15.79,20,0.8,afastando
464,59.01,51.46,67.51,3.959,3.44,19,7.2,afastando
465,101.08,72.44,128.69,14.287,12.8,19,7.2,afastando
466,91.52,70.63,112.76,9.978,11.26,20,1.8,afastando
467,74.15,56.94,91.07,7.569,25.68,20,3,afastando
468,106.01,88,124.13,8.814,17.08,19,6.1,afastando
469,55.56,53.05,56.54,0.366,0.86,20,2.1,objeto_parado
470,83.8,67.07,100.61,8.34,19.02,17,17,afastando
471,40.2,36.9,43.81,1.306,-0.08,19,6.3,objeto_parado
472,95.97,83.82,106.72,4.965,-2.25,20,0.5,aproximando
473,89.07,70.05,106.63,8.979,14.16,16,21.2,afastando
474,71.31,67.43,75.56,1.479,-0.68,19,5.9,objeto_parado
475,167.39,164.58,169.43,0.452,0.69,17,15.2,livre
476,60.05,56.65,62.49,0.188,-0.86,19,5.7,objeto_parado
477,69.74,48.39,89.16,10.202,-32.88,17,17,aproximando
478,56.48,37.47,76.18,9.848,-15.79,19,6.2,aproximando
479,58.62,56.49,60.93,1.084,-1.83,17,15.4,objeto_parado
480,85.19,82.18,87.83,1.046,-1.59,18,13.3,objeto_parado
481,115.43,88.63,138.42,12.038,19.54,17,17.3,afastando
482,181.03,177.81,184.62,1.368,0.93,20,2.8,livre
483,174.46,169.77,177.61,1.113,0.29,18,11.4,livre
484,108.07,90.88,125.53,8.502,24.31,18,11,afastando
485,172.99,168.38,178.45,1.432,1.49,18,10.7,livre
486,74.33,71.43,79.02,1.059,1.29,19,7,objeto_parado
487,138.24,134.88,142.81,1.674,6.66,20,2.6,afastando
488,176.09,172.16,179.82,1.265,-0.8,19,7,livre
489,179.85,172.2,187.16,2.377,0.47,19,7,livre
490,60.49,56.77,63.56,0.759,0.11,19,7.4,objeto_parado
491,48.68,24.41,75.88,12.733,-15.04,18,10.9,aproximando
492,103.4,94.89,112.34,3.136,4.19,20,2.6,afastando
493,54.44,52.07,58.15,0.686,-0.44,18,11.5,objeto_parado
494,174.96,171.34,178.55,1.262,2.09,20,1.2,livre
495,78.74,75.28,81.48,1.372,-2.59,18,13.7,aproximando
496,95.2,76.31,114.26,9.744,-29.83,20,0.7,aproximando
497,167.36,160.75,174.06,2.318,-0.18,20,0.1,livre
498,86.84,68.18,107.58,9.771,20.1,16,20.2,afastando
499,138.35,121.78,155.49,8.658,-13.49,20,1.8,aproximando
500,74.82,56.33,93.53,8.497,10.5,20,3.6,afastando
501,89.65,84.74,95.72,2.086,2.13,19,5.3,afastando
502,17.24,13.89,20.83,0.775,-0.05,17,16.9,objeto_parado
503,164.54,159.76,171.16,2.472,-1.15,18,10.9,livre
504,54.4,52.7,57.38,0.441,-0.82,17,17.7,objeto_parado
505,62.67,59.56,65.98,0.712,1.72,16,23.1,objeto_parado
506,30.1,25.47,34.71,1.335,0.56,20,1.7,objeto_parado
507,33.99,32.68,36.57,0.1,0.04,18,11.2,objeto_parado
508,68.8,64.37,74.16,2.025,0.22,19,5.7,objeto_parado
509,32.27,28.82,35.89,1.489,0.76,18,12.3,objeto_parado
510,178.09,170.47,185.69,2.534,0.76,19,8.4,livre
511,51.8,34.1,66.81,7.881,-17.18,18,11.8,aproximando
512,28.92,23.38,33.36,1.519,0.28,17,15.5,objeto_parado
513,52.6,48.95,57.19,1.892,0.58,19,6.8,objeto_parado
514,60.05,43.87,75.68,7.944,-20.68,18,12.1,aproximando
515,39.48,36.99,42.31,0.652,0.39,19,6.2,objeto_parado
516,202.43,196.69,208.36,2.083,-0.02,19,8.7,livre
517,63.74,55.52,71.78,2.853,-4.64,20,0.9,aproximando
518,54.26,49.12,59.8,1.968,-0.39,17,16.3,objeto_parado
519,68.8,51.47,89.22,8.905,-21.42,20,1.8,aproximando
520,57.67,54.26,61.43,1.172,0.34,20,2,objeto_parado
521,77.31,68.71,84.9,3.337,5.56,19,6.3,afastando
522,48.18,42.41,55.15,1.785,1.18,20,2.1,afastando
523,162.46,156.71,167.1,2.133,0.56,20,0.9,livre
524,58.34,54.39,62.53,0.972,-0.33,20,0.1,objeto_parado
525,57.34,50.53,64.5,3.513,-4.76,18,10.8,aproximando
526,71.1,64.54,76.55,2.195,-3.75,19,7.1,aproximando
527,73.45,60.63,86.73,6.009,-18.79,19,5.5,aproximando
528,158.93,154.03,163.79,1.787,0.41,17,16.4,livre
529,79.83,70.48,89.42,4.245,-7.26,19,6.6,aproximando
530,195.21,192.54,198.41,0.785,-0.63,20,3.2,livre
531,193.91,188.69,198.45,2.004,-0.3,16,22.7,livre
532,192.21,187.4,196.81,2.111,1.38,18,12.1,livre
533,69.01,64.36,73.45,2.244,4.47,19,6,afastando
534,184.46,178.42,190.17,2.333,0.81,20,2,livre
535,86.94,68.3,103.5,8.713,20.38,20,2.7,afastando
536,46.25,44.63,49.69,0.681,-0.28,18,12.4,objeto_parado
537,36.46,34.18,39.83,0.746,0.14,19,6.2,objeto_parado
538,118.92,95.24,139.65,10.368,-21.84,20,0.8,aproximando
539,97.7,91.02,106.46,2.892,5.24,19,8.1,afastando
540,190.89,187.22,193.97,1.019,-0.34,19,7.7,livre
541,42.61,37.51,45.87,1.506,0.39,17,15.2,objeto_parado
542,93.6,75.05,114.79,9.3,-26.94,19,5.4,aproximando
543,39.82,22.05,60.24,9.316,-17.27,19,5.5,aproximando
544,81.06,63.78,99.48,8.418,-25.32,20,1.3,aproximando
545,180.64,177.37,184.74,1.312,-0.39,19,5.3,livre
546,27.11,24.41,29.78,0.731,-2.09,19,6.9,objeto_parado
547,195.08,188.72,200.95,2.916,0.51,19,5.2,livre
548,171.6,169.99,175.64,0.831,0.37,17,17.3,livre
549,140.75,129.37,152.88,5.227,6.41,20,1.2,afastando
550,59.98,57.43,61.62,0.527,0.27,18,11.7,objeto_parado
551,198.08,194.33,202.17,1.926,0.38,20,0.4,livre
552,113.38,93.29,134.76,9.986,14.03,18,12.6,afastando
553,57.97,44.29,74.14,6.398,21.08,18,10.7,afastando
554,56.15,52.54,59.7,1.106,-1.91,17,19.1,objeto_parado
555,66.04,45.06,87.06,10.625,-27.23,17,15.7,aproximando
556,28.7,22.94,32.11,1.462,-0.03,20,0.7,objeto_parado
557,102.59,91.72,112.97,4.869,3.47,18,12.5,afastando
558,69.02,55.08,83,6.562,17.99,20,0.7,afastando
559,50.64,23.81,76.89,13.373,-10.72,19,5.8,aproximando
560,73.86,47.77,101.26,13.442,-10.62,20,1.3,aproximando
561,34.21,15.9,50.53,7.827,12.89,19,7.2,afastando
562,38.86,31.08,46.88,3.288,-4.96,18,10.4,aproximando
563,44.39,39.92,49.06,1.725,0.36,16,20.4,objeto_parado
564,119.29,105.43,132.02,5.999,15.32,19,5.2,afastando
565,110.27,94.52,125.8,6.876,11.79,17,16.8,afastando
566,201.83,196.73,208.14,2.547,-0.35,17,15.1,livre
567,205.16,199.7,211.56,1.716,0.68,18,10.8,livre
568,34.74,30.76,39.87,0.684,-0.52,17,15.8,objeto_parado
569,27.31,24.89,29.87,0.459,-0.88,17,16.2,objeto_parado
570,35.13,23.91,45.52,5.033,-18,20,2,aproximando
571,93.91,80.88,108.41,6.552,-35.84,20,0.2,aproximando
572,110.69,95.37,126.75,7.642,25.28,17,18.1,afastando
573,55.02,46.82,64.04,3.41,24.89,20,2.1,afastando
574,86,63.08,107.95,10.497,20.45,18,14.6,afastando
575,117.76,100.93,136.44,8.489,18.72,18,10,afastando
576,8,2.86,12.91,1.701,0.44,16,24.1,objeto_parado
577,132.84,113.89,152.04,8.869,-21.98,20,3,aproximando
578,190.01,185.1,194.43,1.88,0.93,20,1.3,livre
579,96.89,87.37,106.87,4.206,2.72,17,17,afastando
580,91.22,82.04,100.29,3.885,24.9,19,6,afastando
581,203.79,197.54,210.23,3.129,-1.51,20,1.7,livre
582,88.15,66.98,108.22,9.857,18.12,16,21.3,afastando
583,157.99,153.17,164.82,2.196,-0.2,20,2.4,livre
584,70.45,65.99,73.35,1.154,0.19,17,18.1,objeto_parado
585,45.15,42.05,48.71,0.719,-1,20,1.3,objeto_parado
586,14.83,2,30.7,7.468,-25.9,20,1.1,aproximando
587,153,149.3,156.98,1.835,0.1,19,7.7,livre
588,62.9,54.07,70.71,3.98,-5.17,20,0,aproximando
589,60.63,44.35,75.57,7.692,13.28,18,11.8,afastando
590,161.43,155.35,165.81,2.02,0.26,19,6.5,livre
591,181.58,175.58,186.62,2.131,-1.26,20,2.1,livre
592,76.59,72.64,79.95,1.215,7.74,19,6.3,afastando
593,163.14,157.79,166.64,1.464,-0.01,18,12,livre
594,188.35,183.14,193.2,1.965,0.66,20,2.2,livre
595,47.25,29.61,65.46,8.94,-21.95,19,6.2,aproximando
596,78.13,54.31,102.58,12.168,23.7,19,5.8,afastando
597,111.15,89.89,134.22,11.084,9.33,20,0.2,afastando
598,57.42,37.68,78.19,9.403,-24.41,18,10.2,aproximando
599,79.71,77.26,82.11,0.705,0.76,17,18.7,objeto_parado
600,156.49,152.93,160.68,1.184,-1.25,20,0.8,livre
